position,fitness_score,n_mutations,layer_c
16,-0.762518,19,0
17,-5.326843,19,1
19,-1.247697,19,0
20,-2.647674,19,0
21,-3.697753,19,0
22,-2.235411,19,0
23,-6.53416,20,1
24,-5.283016,19,0
25,-4.820775,20,0
26,-6.128419,20,1
27,-1.750422,20,0
28,-0.621355,20,0
29,-4.661678,20,0
30,-5.30705,20,1
31,-0.581921,20,0
32,-5.66806,20,1
33,-0.352143,20,0
34,-0.696572,20,0
35,-4.097437,19,0
36,-3.053545,20,0
37,-1.123042,19,0
38,-0.945074,20,0
39,-0.943896,19,0
40,-5.131468,19,0
41,-0.778862,19,0
42,-6.974895,19,1
43,-6.477263,19,1
44,-1.312899,19,0
45,-5.889495,20,1
46,-2.449743,20,0
47,-1.809779,19,0
48,-1.858645,19,0
49,-4.228895,19,0
50,-4.319179,20,0
51,-1.126442,19,0
52,-1.5506,19,0
53,-6.5926,20,1
54,-1.904358,19,0
55,-0.874327,19,0
56,-2.998421,19,0
57,-0.756727,19,0
58,-0.965165,19,0
59,-3.026432,19,0
60,-1.006175,19,0
61,-5.862579,19,1
62,-1.092774,19,0
63,-6.883632,19,1
64,-5.564842,19,1
65,-2.134484,19,0
66,-1.704797,19,0
67,-3.787874,19,0
68,-1.481979,19,0
69,-1.166616,19,0
70,-1.07156,20,0
71,-0.447258,20,0
72,-1.438937,19,0
73,-1.834326,19,0
74,-0.486614,19,0
75,-0.293761,19,0
76,-6.943421,19,1
77,-5.331026,19,1
78,-4.561153,20,0
79,-6.662845,20,1
80,-6.2367,19,1
81,-6.693211,19,1
82,-4.449247,20,0
83,-1.929984,19,0
84,-2.978428,18,0
85,-1.152038,19,0
86,-4.712257,20,0
87,-1.715815,20,0
88,-5.922984,19,1
89,-6.342632,19,1
90,-4.8394,20,0
91,-5.939947,19,1
92,-5.081626,19,0
93,-4.761151,19,0
94,-5.842895,19,1
95,-4.898447,19,0
96,-6.040789,19,1
97,-3.537065,20,0
98,-4.19745,20,0
99,-1.55637,20,0
100,-5.741777,20,1
101,-0.985802,19,0
102,-2.570295,19,0
103,-1.58556,20,0
104,-3.31054,20,0
105,-0.976612,20,0
106,-0.276741,20,0
107,-5.442168,20,1
108,-0.287123,20,0
109,-0.224204,20,0
110,-0.74453,20,0
111,-0.315464,20,0
112,-6.64014,20,1
113,-1.077948,19,0
114,-0.377776,19,0
115,-2.613021,19,0
116,-1.797632,19,0
117,-0.733162,19,0
118,-2.409647,19,0
119,-2.075458,19,0
120,-0.578117,19,0
121,-0.873536,19,0
122,-6.209395,19,1
123,-5.356872,20,1
124,-5.02055,20,0
125,-3.68602,20,0
126,-6.128995,20,1
127,-3.18958,20,0
128,-2.912597,20,0
129,-2.26715,20,0
130,-4.312884,19,0
131,-0.952334,19,0
132,-1.594765,19,0
133,-5.120053,19,0
134,-5.107785,20,0
135,-4.70135,20,0
136,-4.188175,20,0
137,-3.94168,19,0
138,-3.311927,19,0
139,-6.580474,19,1
140,-5.859468,19,1
141,-6.647105,19,1
142,-1.475856,19,0
143,-3.772147,19,0
144,-0.699619,19,0
145,-2.759397,19,0
146,-1.477815,20,0
147,-3.6252,19,0
148,-1.642121,19,0
149,-2.329665,19,0
150,-0.781688,19,0
151,-4.468589,19,0
152,-5.148331,19,0
153,-3.301191,20,0
154,-0.481175,20,0
155,-0.901415,20,0
156,-2.703918,20,0
157,-0.105252,20,0
158,-4.24933,20,0
159,-0.612753,19,0
160,-1.604811,19,0
161,-6.979842,19,1
162,-3.952568,19,0
163,-6.958105,19,1
164,-1.591475,20,0
165,-1.08995,20,0
166,-1.307737,20,0
167,-2.458162,20,0
168,-1.730841,20,0
169,-3.141774,19,0
170,-0.58577,20,0
171,-1.906893,19,0
172,-6.238,19,1
173,-0.536419,19,0
174,-0.665576,19,0
175,-1.471363,19,0
176,-0.428435,19,0
177,-6.915632,19,1
178,-0.463867,19,0
179,-0.167486,19,0
180,-0.155307,19,0
181,-0.575946,19,0
182,-0.644698,19,0
183,-0.692105,19,0
184,-0.198405,20,0
185,-0.156156,20,0
186,-0.455644,20,0
187,-6.58002,20,1
188,-0.323385,18,0
189,-5.643584,19,1
190,-0.758889,19,0
191,-6.339055,20,1
192,-1.438174,20,0
193,-1.902477,20,0
194,-6.10326,20,1
195,-4.453193,20,0
196,-6.2115,20,1
197,-3.73732,20,0
198,-0.788223,19,0
199,-0.576715,20,0
200,-0.506012,19,0
201,-0.487115,19,0
202,-0.606774,20,0
203,-0.422315,19,0
204,-0.707081,19,0
205,-0.550329,19,0
206,-0.763266,19,0
207,-6.953947,19,1
208,-2.654967,19,0
209,-4.600255,20,0
210,-5.050585,20,0
211,-1.251741,20,0
212,-0.803253,20,0
213,-3.03036,19,0
214,-1.252287,19,0
215,-6.961421,19,1
216,-2.622937,19,0
217,-1.826366,19,0
218,-3.2395,19,0
219,-0.600201,19,0
220,-1.311636,20,0
221,-1.06198,20,0
222,-0.487015,20,0
223,-0.609589,20,0
224,-0.664181,20,0
225,-6.30395,20,1
226,-6.499,20,1
227,-5.04488,20,0
228,-3.873016,19,0
229,-6.179845,20,1
230,-3.624847,19,0
231,-2.72042,20,0
232,-5.451175,20,1
233,-3.2623,20,0
234,-5.9132,20,1
235,-3.859185,20,0
236,-5.250037,20,0
237,-3.88874,20,0
238,-1.863965,20,0
239,-2.033895,20,0
240,-4.526895,20,0
241,-6.719375,20,1
242,-1.439375,20,0
243,-1.582215,19,0
244,-0.826934,19,0
245,-5.357642,19,1
246,-7.024263,19,1
247,-3.260537,19,0
248,-1.054946,19,0
249,-0.432114,20,0
250,-6.668695,20,1
251,-1.291115,20,0
252,-3.244628,20,0
253,-4.395942,19,0
254,-0.985156,19,0
255,-6.394368,19,1
256,-3.213574,19,0
257,-2.442616,19,0
258,-6.008147,20,1
259,-3.611275,20,0
260,-1.77535,20,0
261,-1.720263,20,0
262,-0.623335,20,0
263,-0.319951,20,0
264,-0.206476,20,0
265,-0.327356,20,0
266,-0.437142,19,0
267,-0.368679,19,0
268,-0.275919,19,0
269,-0.318511,19,0
270,-6.936316,19,1
271,-0.048728,19,0
272,-0.350872,19,0
273,-0.801864,19,0
274,-0.912942,19,0
275,-2.080018,19,0
276,-6.376911,19,1
277,-1.970779,19,0
278,-1.989484,19,0
279,-6.281337,19,1
280,-1.278894,20,0
281,-2.00974,20,0
282,-0.795849,19,0
283,-1.115365,19,0
284,-3.707016,19,0
285,-3.3861,20,0
286,-3.135779,19,0
287,-6.525842,19,1
288,-2.010779,19,0
289,-2.601979,19,0
290,-4.378263,19,0
291,-1.947842,19,0
292,-3.401442,19,0
293,-3.602158,19,0
294,-3.454379,19,0
295,-2.401769,19,0
296,-1.098498,19,0
297,-1.022069,19,0
298,-2.186595,19,0
299,-6.176716,19,1
300,-0.878506,19,0
301,-7.043263,19,1
302,-4.333775,20,0
303,-5.9105,20,1
304,-2.835147,20,0
305,-4.684712,20,0
306,-6.350529,20,1
307,-2.256736,19,0
308,-4.65674,20,0
309,-2.123068,19,0
310,-1.248233,20,0
311,-2.531953,19,0
312,-0.789227,20,0
313,-1.961175,20,0
314,-3.870916,20,0
315,-6.096357,20,1
316,-2.708655,20,0
317,-6.2621,20,1
318,-4.216475,20,0
319,-5.538144,20,1
320,-4.671115,20,0
321,-1.083289,20,0
322,-4.833935,20,0
323,-6.7475,20,1
324,-5.694053,19,1
325,-1.620558,19,0
326,-4.149814,19,0
327,-3.034463,19,0
328,-7.000474,19,1
329,-2.297374,19,0
330,-6.315368,19,1
331,-3.300653,19,0
332,-4.891774,19,0
333,-5.293258,19,0
334,-5.356247,19,1
335,-2.856707,20,0
336,-0.72641,20,0
337,-6.7135,20,1
338,-0.614996,20,0
339,-6.015859,20,1
340,-5.378265,20,1
341,-2.770463,19,0
342,-2.079337,20,0
343,-5.632175,20,1
344,-1.9644,19,0
345,-5.3539,19,1
346,-2.367721,19,0
347,-6.73242,20,1
348,-1.584634,19,0
349,-1.837532,19,0
350,-4.999728,19,0
351,-1.980553,19,0
352,-1.861895,19,0
353,-6.255626,19,1
354,-0.627546,19,0
355,-4.076311,19,0
356,-4.928274,19,0
357,-2.276953,19,0
358,-1.826405,20,0
359,-0.845536,20,0
360,-0.495598,19,0
361,-2.123079,19,0
362,-6.927053,19,1
363,-6.086358,19,1
364,-0.929105,19,0
365,-3.67327,20,0
366,-0.749365,20,0
367,-0.686419,19,0
368,-0.437226,19,0
369,-6.737789,19,1
370,-0.999833,19,0
371,-0.559387,20,0
372,-1.616621,20,0
373,-0.254711,20,0
374,-1.052304,20,0
375,-1.898432,19,0
376,-4.094616,19,0
377,-4.977861,20,0
378,-6.215332,19,1
379,-6.69375,20,1
380,-6.7102,20,1
381,-5.688489,19,1
382,-3.4766,19,0
383,-1.802504,19,0
384,-2.693505,19,0
385,-0.824103,19,0
386,-1.024253,19,0
387,-1.625912,19,0
388,-0.338833,19,0
389,-5.318405,19,1
390,-4.311753,19,0
391,-6.07911,19,1
392,-5.294,19,0
393,-5.932,19,1
394,-2.904474,19,0
395,-1.837452,19,0
396,-1.619265,20,0
397,-0.51731,19,0
398,-1.672961,20,0
399,-4.7459,19,0
400,-0.848305,20,0
401,-1.002851,20,0
402,-0.8787,7,0
403,-0.562333,20,0
404,-1.269445,20,0
405,-2.229315,20,0
406,-3.875,20,0
407,-1.424539,20,0
408,-0.754795,19,0
409,-1.058664,19,0
410,-0.182389,19,0
411,-0.887442,20,0
412,-2.06797,20,0
413,-4.906498,20,0
414,-0.117942,19,0
415,-4.995211,19,0
416,-3.389795,20,0
417,-3.823785,20,0
418,-0.654013,20,0
419,-1.791321,19,0
420,-0.831447,19,0
421,-0.361876,19,0
422,-0.389159,20,0
423,-0.466172,20,0
424,-1.074916,20,0
425,-0.654603,19,0
426,-0.334265,19,0
427,-0.360277,20,0
428,-0.8384,20,0
429,-0.461357,20,0
430,-1.083364,19,0
431,-1.526921,19,0
432,-0.508787,19,0
433,-5.976055,19,1
434,-3.242779,19,0
435,-1.312833,19,0
436,-2.425194,19,0
437,-1.743105,19,0
438,-5.114435,19,0
439,-1.164885,19,0
440,-1.582174,19,0
441,-0.891192,20,0
442,-0.130026,20,0
443,-1.04974,19,0
444,-0.352554,20,0
445,-2.759715,20,0
446,-2.352486,20,0
447,-0.909879,20,0
448,-2.981836,20,0
449,-1.041616,19,0
