position,raw_count,normalized_score
1,5,0.208333
2,5,0.208333
3,4,0.166667
4,6,0.25
5,5,0.208333
6,8,0.333333
7,5,0.208333
8,9,0.375
9,7,0.291667
10,6,0.25
11,4,0.166667
12,6,0.25
13,5,0.208333
14,5,0.208333
15,7,0.291667
16,4,0.166667
17,5,0.208333
18,7,0.291667
19,8,0.333333
20,4,0.166667
21,4,0.166667
22,6,0.25
23,8,0.333333
24,6,0.25
25,5,0.208333
26,6,0.25
27,5,0.208333
28,3,0.125
29,8,0.333333
30,5,0.208333
31,5,0.208333
32,5,0.208333
33,3,0.125
34,7,0.291667
35,5,0.208333
36,7,0.291667
37,6,0.25
38,5,0.208333
39,5,0.208333
40,5,0.208333
41,3,0.125
42,4,0.166667
43,7,0.291667
44,5,0.208333
45,4,0.166667
46,14,0.583333
47,7,0.291667
48,3,0.125
49,6,0.25
50,6,0.25
51,7,0.291667
52,16,0.666667
53,9,0.375
54,6,0.25
55,10,0.416667
56,4,0.166667
57,6,0.25
58,6,0.25
59,7,0.291667
60,5,0.208333
61,6,0.25
62,6,0.25
63,7,0.291667
64,8,0.333333
65,6,0.25
66,7,0.291667
67,6,0.25
68,9,0.375
69,4,0.166667
70,5,0.208333
71,9,0.375
72,6,0.25
73,5,0.208333
74,7,0.291667
75,6,0.25
76,6,0.25
77,5,0.208333
78,5,0.208333
79,5,0.208333
80,5,0.208333
81,13,0.541667
82,6,0.25
83,16,0.666667
84,5,0.208333
85,5,0.208333
86,5,0.208333
87,6,0.25
88,10,0.416667
89,6,0.25
90,7,0.291667
91,7,0.291667
92,5,0.208333
93,7,0.291667
94,7,0.291667
95,7,0.291667
96,14,0.583333
97,4,0.166667
98,7,0.291667
99,5,0.208333
100,4,0.166667
101,5,0.208333
102,5,0.208333
103,5,0.208333
104,4,0.166667
105,4,0.166667
106,5,0.208333
107,4,0.166667
108,4,0.166667
109,5,0.208333
110,6,0.25
111,4,0.166667
112,7,0.291667
113,11,0.458333
114,12,0.5
115,6,0.25
116,6,0.25
117,9,0.375
118,7,0.291667
119,5,0.208333
120,9,0.375
121,4,0.166667
122,10,0.416667
123,12,0.5
124,19,0.791667
125,7,0.291667
126,9,0.375
127,3,0.125
128,7,0.291667
129,24,1.0
130,5,0.208333
131,7,0.291667
132,13,0.541667
133,3,0.125
134,6,0.25
135,4,0.166667
136,6,0.25
137,6,0.25
138,7,0.291667
139,11,0.458333
140,15,0.625
141,12,0.5
142,4,0.166667
143,5,0.208333
144,5,0.208333
145,6,0.25
146,4,0.166667
147,8,0.333333
148,5,0.208333
149,7,0.291667
150,8,0.333333
151,8,0.333333
152,5,0.208333
153,5,0.208333
154,9,0.375
155,9,0.375
156,7,0.291667
157,9,0.375
158,10,0.416667
159,6,0.25
160,19,0.791667
161,11,0.458333
162,14,0.583333
163,8,0.333333
164,11,0.458333
165,4,0.166667
166,5,0.208333
167,7,0.291667
168,7,0.291667
169,11,0.458333
170,13,0.541667
171,9,0.375
172,10,0.416667
173,9,0.375
174,11,0.458333
175,6,0.25
176,12,0.5
177,7,0.291667
178,6,0.25
179,5,0.208333
180,10,0.416667
181,10,0.416667
182,9,0.375
183,8,0.333333
184,7,0.291667
185,7,0.291667
186,7,0.291667
187,7,0.291667
188,5,0.208333
189,6,0.25
190,7,0.291667
191,9,0.375
192,5,0.208333
193,6,0.25
194,9,0.375
195,6,0.25
196,6,0.25
197,10,0.416667
198,5,0.208333
199,7,0.291667
200,8,0.333333
201,7,0.291667
202,10,0.416667
203,17,0.708333
204,5,0.208333
205,8,0.333333
206,7,0.291667
207,5,0.208333
208,8,0.333333
209,6,0.25
210,9,0.375
211,7,0.291667
212,6,0.25
213,4,0.166667
214,5,0.208333
215,7,0.291667
216,6,0.25
217,3,0.125
218,6,0.25
219,6,0.25
220,8,0.333333
221,7,0.291667
222,15,0.625
223,8,0.333333
224,9,0.375
225,12,0.5
226,14,0.583333
227,13,0.541667
228,11,0.458333
229,9,0.375
230,9,0.375
231,8,0.333333
232,9,0.375
233,11,0.458333
234,10,0.416667
235,8,0.333333
236,10,0.416667
237,7,0.291667
238,6,0.25
239,8,0.333333
240,4,0.166667
241,5,0.208333
242,11,0.458333
243,9,0.375
244,6,0.25
245,7,0.291667
246,7,0.291667
247,9,0.375
248,5,0.208333
249,9,0.375
250,5,0.208333
251,9,0.375
252,9,0.375
253,4,0.166667
254,4,0.166667
255,5,0.208333
256,7,0.291667
257,6,0.25
258,8,0.333333
259,5,0.208333
260,6,0.25
261,7,0.291667
262,7,0.291667
263,5,0.208333
264,5,0.208333
265,8,0.333333
266,6,0.25
267,5,0.208333
268,5,0.208333
269,5,0.208333
270,7,0.291667
271,7,0.291667
272,9,0.375
273,7,0.291667
274,8,0.333333
275,6,0.25
276,7,0.291667
277,8,0.333333
278,9,0.375
279,7,0.291667
280,6,0.25
281,5,0.208333
282,8,0.333333
283,9,0.375
284,5,0.208333
285,5,0.208333
286,7,0.291667
287,8,0.333333
288,7,0.291667
289,7,0.291667
290,8,0.333333
291,6,0.25
292,4,0.166667
293,9,0.375
294,6,0.25
295,5,0.208333
296,5,0.208333
297,10,0.416667
298,6,0.25
299,6,0.25
300,10,0.416667
301,11,0.458333
302,8,0.333333
303,12,0.5
304,6,0.25
305,10,0.416667
306,7,0.291667
307,4,0.166667
308,11,0.458333
309,8,0.333333
310,8,0.333333
311,7,0.291667
312,12,0.5
313,6,0.25
314,6,0.25
315,8,0.333333
316,6,0.25
317,6,0.25
318,7,0.291667
319,6,0.25
320,12,0.5
321,5,0.208333
322,14,0.583333
323,9,0.375
324,10,0.416667
325,6,0.25
326,6,0.25
327,4,0.166667
328,7,0.291667
329,14,0.583333
330,10,0.416667
331,9,0.375
332,5,0.208333
333,5,0.208333
334,5,0.208333
335,8,0.333333
336,6,0.25
337,11,0.458333
338,11,0.458333
339,12,0.5
340,10,0.416667
341,6,0.25
342,9,0.375
343,9,0.375
344,8,0.333333
345,19,0.791667
346,17,0.708333
347,14,0.583333
348,8,0.333333
349,6,0.25
350,7,0.291667
351,9,0.375
352,9,0.375
353,7,0.291667
354,8,0.333333
355,6,0.25
356,6,0.25
357,9,0.375
358,11,0.458333
359,13,0.541667
360,11,0.458333
361,6,0.25
362,9,0.375
363,14,0.583333
364,14,0.583333
365,12,0.5
366,8,0.333333
367,5,0.208333
368,6,0.25
369,7,0.291667
370,6,0.25
371,5,0.208333
372,5,0.208333
373,6,0.25
374,6,0.25
375,7,0.291667
376,9,0.375
377,9,0.375
378,8,0.333333
379,12,0.5
380,13,0.541667
381,5,0.208333
382,12,0.5
383,6,0.25
384,14,0.583333
385,10,0.416667
386,10,0.416667
387,7,0.291667
388,7,0.291667
389,7,0.291667
390,13,0.541667
391,7,0.291667
392,8,0.333333
393,6,0.25
394,7,0.291667
395,6,0.25
396,4,0.166667
397,7,0.291667
398,7,0.291667
399,5,0.208333
400,7,0.291667
401,7,0.291667
402,9,0.375
403,6,0.25
404,13,0.541667
405,6,0.25
406,8,0.333333
407,6,0.25
408,7,0.291667
409,7,0.291667
410,6,0.25
411,6,0.25
412,5,0.208333
413,4,0.166667
414,7,0.291667
415,5,0.208333
416,6,0.25
417,9,0.375
418,6,0.25
419,7,0.291667
420,8,0.333333
421,7,0.291667
422,6,0.25
423,6,0.25
424,5,0.208333
425,12,0.5
426,6,0.25
427,7,0.291667
428,10,0.416667
429,9,0.375
430,6,0.25
431,5,0.208333
432,12,0.5
433,8,0.333333
434,7,0.291667
435,7,0.291667
436,12,0.5
437,7,0.291667
438,4,0.166667
439,8,0.333333
440,5,0.208333
441,5,0.208333
442,6,0.25
443,9,0.375
444,8,0.333333
445,7,0.291667
446,10,0.416667
447,10,0.416667
448,6,0.25
449,7,0.291667
450,6,0.25
451,5,0.208333
452,7,0.291667
453,6,0.25
454,9,0.375
455,8,0.333333
456,7,0.291667
457,5,0.208333
458,4,0.166667
459,9,0.375
460,4,0.166667
461,20,0.833333
462,10,0.416667
463,8,0.333333
464,6,0.25
465,7,0.291667
466,7,0.291667
467,7,0.291667
468,7,0.291667
469,6,0.25
470,7,0.291667
471,7,0.291667
472,7,0.291667
473,15,0.625
474,7,0.291667
475,14,0.583333
476,10,0.416667
477,7,0.291667
478,11,0.458333
479,11,0.458333
480,8,0.333333
481,10,0.416667
482,6,0.25
483,5,0.208333
484,19,0.791667
485,8,0.333333
486,9,0.375
487,4,0.166667
488,8,0.333333
489,11,0.458333
490,5,0.208333
