pathogen,position,tag,evidence_source
SARS-CoV-2,484,immune_escape,"Carabelli 2023; E484K/A key antibody escape mutation across VOCs"
SARS-CoV-2,501,immune_escape,"Carabelli 2023; N501Y enhances ACE2 binding and partial immune escape"
SARS-CoV-2,452,immune_escape,"Cao 2023; L452R escape mutation in Delta/Omicron sublineages"
SARS-CoV-2,346,immune_escape,"Cao 2023; R346K/T Omicron convergent antibody escape"
SARS-CoV-2,417,immune_escape,"Carabelli 2023; K417N/T class 1 antibody escape"
SARS-CoV-2,681,functional,"Carabelli 2023; P681H/R furin cleavage site enhances fusion"
SARS-CoV-2,478,immune_escape,"Cao 2023; T478K recurrent RBD escape mutation"
SARS-CoV-2,614,functional,"Korber 2020; D614G increases infectivity and spike stability"
SARS-CoV-2,655,functional,"Carabelli 2023; H655Y near furin cleavage site, recurrent across lineages"
SARS-CoV-2,156,immune_escape,"Carabelli 2023; E156G/del157-158 NTD antigenic supersite escape"
SARS-CoV-2,18,immune_escape,"Carabelli 2023; NTD supersite deletion region"
SARS-CoV-2,19,immune_escape,"Carabelli 2023; NTD supersite deletion region"
SARS-CoV-2,20,immune_escape,"Carabelli 2023; NTD supersite deletion region"
SARS-CoV-2,371,immune_escape,"Cao 2023; S371F Omicron RBD convergent escape"
SARS-CoV-2,373,immune_escape,"Cao 2023; S373P Omicron RBD convergent escape"
SARS-CoV-2,375,immune_escape,"Cao 2023; T375F Omicron RBD convergent escape"
SARS-CoV-2,376,immune_escape,"Cao 2023; T376A Omicron RBD convergent escape"
SARS-CoV-2,405,immune_escape,"Cao 2023; D405N Omicron RBD convergent escape"
SARS-CoV-2,408,immune_escape,"Cao 2023; R408S Omicron RBD convergent escape"
SARS-CoV-2,440,immune_escape,"Cao 2023; K440N BA.2/XBB convergent escape"
SARS-CoV-2,446,immune_escape,"Cao 2023; G446S BA.2/XBB convergent escape"
SARS-CoV-2,460,immune_escape,"Cao 2023; N460K XBB convergent RBD escape"
SARS-CoV-2,490,immune_escape,"Cao 2023; F490S convergent RBD escape"
SARS-CoV-2,493,immune_escape,"Cao 2023; Q493R Omicron convergent RBD escape"
SARS-CoV-2,498,immune_escape,"Cao 2023; Q498R Omicron convergent RBD escape"
H3N2,145,immune_escape,"Koel 2013; antigenic site A, key cluster-transition position"
H3N2,155,immune_escape,"Koel 2013; antigenic site B"
H3N2,156,immune_escape,"Koel 2013; antigenic site B"
H3N2,158,immune_escape,"Koel 2013; antigenic site B"
H3N2,159,immune_escape,"Koel 2013; antigenic site B"
H3N2,189,immune_escape,"Koel 2013; antigenic site B"
H3N2,193,immune_escape,"Koel 2013; antigenic site B"
H3N2,137,immune_escape,"Koel 2013; antigenic site A"
H3N2,142,immune_escape,"Koel 2013; antigenic site A"
H3N2,144,immune_escape,"Koel 2013; antigenic site A"
H3N2,186,immune_escape,"Koel 2013; antigenic site B"
H3N2,190,immune_escape,"Koel 2013; antigenic site B"
H3N2,192,immune_escape,"Koel 2013; antigenic site B"
H3N2,196,immune_escape,"Koel 2013; antigenic site B"
H3N2,131,immune_escape,"Koel 2013; antigenic site A"
H3N2,135,immune_escape,"Koel 2013; antigenic site A"
H3N2,138,immune_escape,"Koel 2013; antigenic site A"
H3N2,140,immune_escape,"Koel 2013; antigenic site A"
H3N2,147,immune_escape,"Koel 2013; antigenic site D"
H3N2,148,immune_escape,"Koel 2013; antigenic site D"
H3N2,157,immune_escape,"Koel 2013; antigenic site B"
H3N2,160,immune_escape,"Koel 2013; antigenic site B"
H3N2,163,immune_escape,"Koel 2013; antigenic site E"
H3N2,164,immune_escape,"Koel 2013; antigenic site E"
H3N2,165,immune_escape,"Koel 2013; antigenic site E"
Norovirus,297,immune_escape,"Lindesmith 2012; P2 domain surface-exposed, epochal variant position"
Norovirus,298,immune_escape,"Lindesmith 2012; P2 domain surface-exposed, epochal variant position"
Norovirus,310,immune_escape,"Lindesmith 2012; P2 domain, GII.4 antigenic drift"
Norovirus,333,immune_escape,"Lindesmith 2012; P2 domain surface loop, HBGA binding vicinity"
Norovirus,340,immune_escape,"Lindesmith 2013; P2 domain, blockade antibody escape"
Norovirus,345,immune_escape,"Lindesmith 2013; P2 domain, blockade antibody escape"
Norovirus,356,immune_escape,"Lindesmith 2012; P2 domain, epochal variant position"
Norovirus,357,immune_escape,"Lindesmith 2012; P2 domain, epochal variant position"
Norovirus,368,immune_escape,"Lindesmith 2012; P2 domain, blockade antibody escape"
Norovirus,372,immune_escape,"Lindesmith 2013; P2 domain, epochal evolution"
Norovirus,373,immune_escape,"Lindesmith 2013; P2 domain, epochal evolution"
Norovirus,376,immune_escape,"Lindesmith 2013; P2 domain, blockade antibody escape"
Norovirus,394,immune_escape,"Lindesmith 2012; P2 domain, antigenic drift"
Norovirus,395,immune_escape,"Lindesmith 2012; P2 domain, antigenic drift"
Norovirus,397,immune_escape,"Lindesmith 2012; P2 domain, antigenic drift"
HIV-1,132,immune_escape,"Moore & Williamson 2015; V1 variable loop"
HIV-1,138,immune_escape,"Moore & Williamson 2015; V1 variable loop"
HIV-1,141,immune_escape,"Moore & Williamson 2015; V1 variable loop"
HIV-1,152,immune_escape,"Moore & Williamson 2015; V1/V2 variable loop"
HIV-1,155,immune_escape,"Moore & Williamson 2015; V1/V2 variable loop"
HIV-1,160,immune_escape,"Moore & Williamson 2015; V2 variable loop, N160 glycan shield"
HIV-1,165,immune_escape,"Moore & Williamson 2015; V2 variable loop"
HIV-1,167,immune_escape,"Moore & Williamson 2015; V2 variable loop"
HIV-1,169,immune_escape,"Moore & Williamson 2015; V2 variable loop"
HIV-1,171,immune_escape,"Moore & Williamson 2015; V2 variable loop"
HIV-1,301,immune_escape,"Moore & Williamson 2015; V3 variable loop"
HIV-1,305,immune_escape,"Moore & Williamson 2015; V3 variable loop"
HIV-1,308,immune_escape,"Moore & Williamson 2015; V3 variable loop crown"
HIV-1,315,immune_escape,"Moore & Williamson 2015; V3 variable loop"
HIV-1,317,immune_escape,"Moore & Williamson 2015; V3 variable loop"
HIV-1,319,immune_escape,"Moore & Williamson 2015; V3 variable loop"
HIV-1,321,immune_escape,"Moore & Williamson 2015; V3 variable loop"
HIV-1,323,immune_escape,"Moore & Williamson 2015; V3 variable loop"
HIV-1,325,immune_escape,"Moore & Williamson 2015; V3 variable loop"
HIV-1,385,immune_escape,"Moore & Williamson 2015; V4 variable loop"
HIV-1,392,immune_escape,"Moore & Williamson 2015; V4 variable loop"
HIV-1,395,immune_escape,"Moore & Williamson 2015; V4 variable loop"
HIV-1,396,immune_escape,"Moore & Williamson 2015; V4 variable loop"
HIV-1,460,immune_escape,"Moore & Williamson 2015; V5 variable loop"
HIV-1,462,immune_escape,"Moore & Williamson 2015; V5 variable loop"
HIV-1,463,immune_escape,"Moore & Williamson 2015; V5 variable loop"
Dengue,305,immune_escape,"Twiddy 2002; E protein domain III, serotype-defining"
Dengue,307,immune_escape,"Twiddy 2002; E protein domain III, serotype-defining"
Dengue,310,immune_escape,"Twiddy 2002; E protein domain III, serotype-defining"
Dengue,312,immune_escape,"Twiddy 2002; E protein domain III, serotype-defining"
Dengue,329,immune_escape,"Twiddy 2002; E protein domain III lateral ridge"
Dengue,330,immune_escape,"Twiddy 2002; E protein domain III lateral ridge"
Dengue,332,immune_escape,"Twiddy 2002; E protein domain III"
Dengue,335,immune_escape,"Twiddy 2002; E protein domain III"
Dengue,337,immune_escape,"Twiddy 2002; E protein domain III"
Dengue,339,immune_escape,"Twiddy 2002; E protein domain III"
Dengue,340,immune_escape,"Twiddy 2002; E protein domain III"
Dengue,360,immune_escape,"Twiddy 2002; E protein domain III"
Dengue,361,immune_escape,"Twiddy 2002; E protein domain III"
Dengue,364,immune_escape,"Twiddy 2002; E protein domain III"
Dengue,380,immune_escape,"Twiddy 2002; E protein domain III C-terminal"
Dengue,383,immune_escape,"Twiddy 2002; E protein domain III C-terminal"
Dengue,384,immune_escape,"Twiddy 2002; E protein domain III C-terminal"
Dengue,52,convergent,"Holmes 2003; E protein domain II, serotype-diversifying position"
Dengue,71,convergent,"Holmes 2003; E protein domain II, serotype-diversifying position"
Dengue,83,convergent,"Holmes 2003; E protein domain II, serotype-diversifying position"
Dengue,120,convergent,"Holmes 2003; E protein domain I/II boundary, serotype-diversifying"
Dengue,155,convergent,"Holmes 2003; E protein domain I, serotype-diversifying position"
Dengue,157,convergent,"Holmes 2003; E protein domain I, serotype-diversifying position"
Dengue,161,convergent,"Holmes 2003; E protein domain I, serotype-diversifying position"
RSV,255,immune_escape,"Mas 2018; antigenic site II (residues 255-276)"
RSV,256,immune_escape,"Mas 2018; antigenic site II"
RSV,259,immune_escape,"Mas 2018; antigenic site II"
RSV,260,immune_escape,"Mas 2018; antigenic site II"
RSV,262,immune_escape,"Mas 2018; antigenic site II, palivizumab escape"
RSV,268,immune_escape,"Mas 2018; antigenic site II"
RSV,272,immune_escape,"Mas 2018; antigenic site II"
RSV,275,immune_escape,"Mas 2018; antigenic site II"
RSV,276,immune_escape,"Mas 2018; antigenic site II"
RSV,148,immune_escape,"Sullender 2000; antigenic site IV region"
RSV,152,immune_escape,"Sullender 2000; antigenic site IV region"
RSV,155,immune_escape,"Sullender 2000; antigenic site IV region"
RSV,159,immune_escape,"Sullender 2000; antigenic site IV region"
RSV,163,immune_escape,"Sullender 2000; antigenic site IV region"
RSV,173,immune_escape,"Sullender 2000; antigenic site 0/prefusion-specific"
RSV,174,immune_escape,"Sullender 2000; antigenic site 0/prefusion-specific"
RSV,422,immune_escape,"Mas 2018; antigenic site I"
RSV,425,immune_escape,"Mas 2018; antigenic site I"
RSV,427,immune_escape,"Mas 2018; antigenic site I"
RSV,429,immune_escape,"Mas 2018; antigenic site I"
Influenza_B,122,immune_escape,"Ni 2013; 120-loop antigenic region"
Influenza_B,127,immune_escape,"Ni 2013; 120-loop antigenic region"
Influenza_B,129,immune_escape,"Ni 2013; 120-loop antigenic region"
Influenza_B,141,immune_escape,"Wang 2008; 140-loop antigenic region"
Influenza_B,147,immune_escape,"Wang 2008; 150-loop antigenic region"
Influenza_B,150,immune_escape,"Wang 2008; 150-loop antigenic region"
Influenza_B,151,immune_escape,"Wang 2008; 150-loop antigenic region"
Influenza_B,162,immune_escape,"Ni 2013; 160-loop antigenic region"
Influenza_B,163,immune_escape,"Ni 2013; 160-loop antigenic region"
Influenza_B,164,immune_escape,"Ni 2013; 160-loop antigenic region"
Influenza_B,165,immune_escape,"Ni 2013; 160-loop antigenic region"
Influenza_B,175,immune_escape,"Ni 2013; antigenic drift position"
Influenza_B,177,immune_escape,"Ni 2013; antigenic drift position"
Influenza_B,179,immune_escape,"Ni 2013; antigenic drift position"
Influenza_B,194,immune_escape,"Wang 2008; 190-helix antigenic region"
Influenza_B,196,immune_escape,"Wang 2008; 190-helix antigenic region"
Influenza_B,197,immune_escape,"Wang 2008; 190-helix antigenic region"
MERS,484,immune_escape,"Kim 2016; RBD receptor interface, escape mutation site"
MERS,506,immune_escape,"Kim 2016; RBD DPP4-binding interface"
MERS,510,immune_escape,"Kim 2016; RBD DPP4-binding interface"
MERS,511,immune_escape,"Kim 2016; RBD DPP4-binding interface"
MERS,530,functional,"Tang 2014; RBD core, positive selection, receptor binding"
MERS,534,functional,"Tang 2014; RBD core, positive selection, receptor binding"
MERS,537,immune_escape,"Kim 2016; RBD escape mutation region"
MERS,539,immune_escape,"Kim 2016; RBD escape mutation region"
MERS,542,immune_escape,"Kim 2016; RBD escape mutation region"
HCV,1,immune_escape,"HVR1 (aa 1-27); primary antibody escape region of E2"
HCV,2,immune_escape,"HVR1 (aa 1-27); primary antibody escape region of E2"
HCV,3,immune_escape,"HVR1 (aa 1-27); primary antibody escape region of E2"
HCV,4,immune_escape,"HVR1 (aa 1-27); primary antibody escape region of E2"
HCV,5,immune_escape,"HVR1 (aa 1-27); primary antibody escape region of E2"
HCV,6,immune_escape,"HVR1 (aa 1-27); primary antibody escape region of E2"
HCV,7,immune_escape,"HVR1 (aa 1-27); primary antibody escape region of E2"
HCV,8,immune_escape,"HVR1 (aa 1-27); primary antibody escape region of E2"
HCV,9,immune_escape,"HVR1 (aa 1-27); primary antibody escape region of E2"
HCV,10,immune_escape,"HVR1 (aa 1-27); primary antibody escape region of E2"
HCV,11,immune_escape,"HVR1 (aa 1-27); primary antibody escape region of E2"
HCV,12,immune_escape,"HVR1 (aa 1-27); primary antibody escape region of E2"
HCV,13,immune_escape,"HVR1 (aa 1-27); primary antibody escape region of E2"
HCV,14,immune_escape,"HVR1 (aa 1-27); primary antibody escape region of E2"
HCV,15,immune_escape,"HVR1 (aa 1-27); primary antibody escape region of E2"
HCV,16,immune_escape,"HVR1 (aa 1-27); primary antibody escape region of E2"
HCV,17,immune_escape,"HVR1 (aa 1-27); primary antibody escape region of E2"
HCV,18,immune_escape,"HVR1 (aa 1-27); primary antibody escape region of E2"
HCV,19,immune_escape,"HVR1 (aa 1-27); primary antibody escape region of E2"
HCV,20,immune_escape,"HVR1 (aa 1-27); primary antibody escape region of E2"
HCV,21,immune_escape,"HVR1 (aa 1-27); primary antibody escape region of E2"
HCV,22,immune_escape,"HVR1 (aa 1-27); primary antibody escape region of E2"
HCV,23,immune_escape,"HVR1 (aa 1-27); primary antibody escape region of E2"
HCV,24,immune_escape,"HVR1 (aa 1-27); primary antibody escape region of E2"
HCV,25,immune_escape,"HVR1 (aa 1-27); primary antibody escape region of E2"
HCV,26,immune_escape,"HVR1 (aa 1-27); primary antibody escape region of E2"
HCV,27,immune_escape,"HVR1 (aa 1-27); primary antibody escape region of E2"
HCV,77,immune_escape,"HVR2 (aa 77-103); secondary hypervariable antibody escape region"
HCV,78,immune_escape,"HVR2 (aa 77-103); secondary hypervariable antibody escape region"
HCV,79,immune_escape,"HVR2 (aa 77-103); secondary hypervariable antibody escape region"
HCV,80,immune_escape,"HVR2 (aa 77-103); secondary hypervariable antibody escape region"
HCV,81,immune_escape,"HVR2 (aa 77-103); secondary hypervariable antibody escape region"
HCV,82,immune_escape,"HVR2 (aa 77-103); secondary hypervariable antibody escape region"
HCV,83,immune_escape,"HVR2 (aa 77-103); secondary hypervariable antibody escape region"
HCV,84,immune_escape,"HVR2 (aa 77-103); secondary hypervariable antibody escape region"
HCV,85,immune_escape,"HVR2 (aa 77-103); secondary hypervariable antibody escape region"
HCV,86,immune_escape,"HVR2 (aa 77-103); secondary hypervariable antibody escape region"
HCV,87,immune_escape,"HVR2 (aa 77-103); secondary hypervariable antibody escape region"
HCV,88,immune_escape,"HVR2 (aa 77-103); secondary hypervariable antibody escape region"
HCV,89,immune_escape,"HVR2 (aa 77-103); secondary hypervariable antibody escape region"
HCV,90,immune_escape,"HVR2 (aa 77-103); secondary hypervariable antibody escape region"
HCV,91,immune_escape,"HVR2 (aa 77-103); secondary hypervariable antibody escape region"
HCV,92,immune_escape,"HVR2 (aa 77-103); secondary hypervariable antibody escape region"
HCV,93,immune_escape,"HVR2 (aa 77-103); secondary hypervariable antibody escape region"
HCV,94,immune_escape,"HVR2 (aa 77-103); secondary hypervariable antibody escape region"
HCV,95,immune_escape,"HVR2 (aa 77-103); secondary hypervariable antibody escape region"
HCV,96,immune_escape,"HVR2 (aa 77-103); secondary hypervariable antibody escape region"
HCV,97,immune_escape,"HVR2 (aa 77-103); secondary hypervariable antibody escape region"
HCV,98,immune_escape,"HVR2 (aa 77-103); secondary hypervariable antibody escape region"
HCV,99,immune_escape,"HVR2 (aa 77-103); secondary hypervariable antibody escape region"
HCV,100,immune_escape,"HVR2 (aa 77-103); secondary hypervariable antibody escape region"
HCV,101,immune_escape,"HVR2 (aa 77-103); secondary hypervariable antibody escape region"
HCV,102,immune_escape,"HVR2 (aa 77-103); secondary hypervariable antibody escape region"
HCV,103,immune_escape,"HVR2 (aa 77-103); secondary hypervariable antibody escape region"
Zika,329,immune_escape,"Long 2019; DIII lateral ridge, ZV-67/ZIKV-116 neutralizing epitope"
Zika,330,immune_escape,"Long 2019; DIII lateral ridge, ZV-67/ZIKV-116 neutralizing epitope"
Zika,331,immune_escape,"Long 2019; DIII lateral ridge"
Zika,332,immune_escape,"Long 2019; DIII lateral ridge"
Zika,333,immune_escape,"Long 2019; DIII lateral ridge, ZKA64 escape (A333T)"
Zika,335,immune_escape,"Long 2019; DIII lateral ridge, ZKA64 escape (T335E)"
Zika,339,immune_escape,"Long 2019; DIII lateral ridge"
Zika,362,immune_escape,"Sourisseau 2019; DIII lateral ridge, DMS-identified escape"
Zika,364,immune_escape,"Sourisseau 2019; DIII lateral ridge, DMS-identified escape"
Zika,366,immune_escape,"Sourisseau 2019; DIII lateral ridge"
Zika,368,immune_escape,"Sourisseau 2019; DIII lateral ridge, S368R key escape (AC10/ZV-67)"
Zika,370,immune_escape,"Sourisseau 2019; DIII lateral ridge"
Zika,302,immune_escape,"Sourisseau 2019; DIII ABCD sheet epitope"
Zika,307,immune_escape,"Sourisseau 2019; DIII ABCD sheet epitope"
Zika,309,immune_escape,"Sourisseau 2019; DIII ABCD sheet epitope"
Zika,310,immune_escape,"Sourisseau 2019; DIII ABCD sheet, A310E tropism/escape"
Zika,311,immune_escape,"Sourisseau 2019; DIII ABCD sheet epitope"
Zika,315,immune_escape,"Sourisseau 2019; DIII ABCD sheet, ZKA64 escape (T315)"
Zika,389,immune_escape,"Keeffe 2018; DIII CC' loop, Z004/Z021 binding"
Zika,391,immune_escape,"Keeffe 2018; DIII CC' loop, Z004/Z021 binding"
Zika,393,immune_escape,"Keeffe 2018; DIII CC' loop, E393K/D escape (Z004 binding)"
Zika,394,immune_escape,"Keeffe 2018; DIII CC' loop, K394R escape (Z004 binding)"
Zika,67,immune_escape,"Long 2019; DII, ZKA185 escape (D67N/E)"
Zika,69,immune_escape,"Long 2019; DII, ZKA185 escape region"
Zika,71,convergent,"Long 2019; DII, cross-lineage diversifying position"
Zika,83,convergent,"Long 2019; DII, cross-lineage diversifying position"
Zika,118,immune_escape,"Long 2019; DII, ZKA185 escape (K118R)"
Rabies,226,immune_escape,"Benmansour 1991; antigenic site I (aa 226-231), CR57 epitope"
Rabies,227,immune_escape,"Benmansour 1991; antigenic site I"
Rabies,228,immune_escape,"Benmansour 1991; antigenic site I"
Rabies,229,immune_escape,"Benmansour 1991; antigenic site I"
Rabies,230,immune_escape,"Benmansour 1991; antigenic site I"
Rabies,231,immune_escape,"Benmansour 1991; antigenic site I"
Rabies,34,immune_escape,"Lafon 1983; antigenic site II (aa 34-42)"
Rabies,35,immune_escape,"Lafon 1983; antigenic site II"
Rabies,36,immune_escape,"Lafon 1983; antigenic site II"
Rabies,37,immune_escape,"Lafon 1983; antigenic site II"
Rabies,38,immune_escape,"Lafon 1983; antigenic site II"
Rabies,39,immune_escape,"Lafon 1983; antigenic site II"
Rabies,40,immune_escape,"Lafon 1983; antigenic site II"
Rabies,41,immune_escape,"Lafon 1983; antigenic site II"
Rabies,42,immune_escape,"Lafon 1983; antigenic site II"
Rabies,198,immune_escape,"Lafon 1983; antigenic site II (aa 198-200)"
Rabies,199,immune_escape,"Lafon 1983; antigenic site II"
Rabies,200,immune_escape,"Lafon 1983; antigenic site II"
Rabies,330,immune_escape,"Dietzschold 1983; antigenic site III (aa 330-338)"
Rabies,331,immune_escape,"Dietzschold 1983; antigenic site III"
Rabies,332,immune_escape,"Dietzschold 1983; antigenic site III"
Rabies,333,immune_escape,"Dietzschold 1983; antigenic site III, R333Q classic escape/attenuation"
Rabies,334,immune_escape,"Aditham 2025; DMS 17C7 (Rabishield) escape"
Rabies,336,immune_escape,"Aditham 2025; DMS 17C7 escape, N336 glycosylation motif"
Rabies,337,immune_escape,"Aditham 2025; DMS 17C7 escape"
Rabies,338,immune_escape,"Aditham 2025; DMS 17C7 escape (I338T glycosylation)"
Rabies,340,immune_escape,"Aditham 2025; DMS 17C7/CR4098 escape"
Rabies,341,immune_escape,"Aditham 2025; DMS 17C7/CR4098 escape"
Rabies,342,immune_escape,"Aditham 2025; DMS 17C7/CR4098 escape"
Rabies,346,immune_escape,"Aditham 2025; DMS 17C7 escape"
Rabies,261,immune_escape,"Benmansour 1991; antigenic site IV (aa 261-264)"
Rabies,262,immune_escape,"Benmansour 1991; antigenic site IV"
Rabies,263,immune_escape,"Benmansour 1991; antigenic site IV"
Rabies,264,immune_escape,"Benmansour 1991; antigenic site IV"
Rabies,137,immune_escape,"Aditham 2025; DMS escape, P137S (RVC20/CTB012)"
Rabies,194,immune_escape,"Aditham 2025; DMS escape, novel site near antigenic site II"
Rabies,195,immune_escape,"Aditham 2025; DMS escape, novel site near antigenic site II"
Rabies,196,immune_escape,"Aditham 2025; DMS escape, novel site near antigenic site II"
Rabies,349,functional,"Guo 2020; G349 pathogenicity determinant, positive selection"
EV-A71,95,immune_escape,"Plevka 2014; BC loop (aa 95-104), surface-exposed neutralizing epitope"
EV-A71,96,immune_escape,"Plevka 2014; BC loop, surface-exposed neutralizing epitope"
EV-A71,97,immune_escape,"Plevka 2014; BC loop, surface-exposed neutralizing epitope"
EV-A71,98,immune_escape,"Huang 2015; BC loop, E98K antigenic determinant"
EV-A71,100,immune_escape,"Plevka 2014; BC loop, surface-exposed neutralizing epitope"
EV-A71,104,immune_escape,"Plevka 2014; BC loop, surface-exposed neutralizing epitope"
EV-A71,141,immune_escape,"NikNadia 2018; DE loop (aa 141-150), neutralizing epitope"
EV-A71,142,immune_escape,"NikNadia 2018; DE loop, neutralizing epitope"
EV-A71,143,immune_escape,"NikNadia 2018; DE loop, neutralizing epitope"
EV-A71,145,immune_escape,"Huang 2015; DE loop, E145G/Q key escape, PSGL-1 binding"
EV-A71,146,immune_escape,"Lim 2013; DE loop, V146I escape mutation"
EV-A71,148,immune_escape,"NikNadia 2018; DE loop, neutralizing epitope"
EV-A71,150,immune_escape,"NikNadia 2018; DE loop, neutralizing epitope"
EV-A71,208,immune_escape,"Foo 2007; GH loop (aa 208-222), major neutralizing epitope"
EV-A71,210,immune_escape,"Foo 2007; GH loop, major neutralizing epitope"
EV-A71,211,immune_escape,"Foo 2007; GH loop, major neutralizing epitope"
EV-A71,212,immune_escape,"Foo 2007; GH loop, major neutralizing epitope"
EV-A71,214,immune_escape,"Foo 2007; GH loop, major neutralizing epitope"
EV-A71,215,immune_escape,"Foo 2007; GH loop, minimal epitope (aa 215-219)"
EV-A71,216,immune_escape,"Foo 2007; GH loop, minimal epitope (aa 215-219)"
EV-A71,217,immune_escape,"Foo 2007; GH loop, minimal epitope (aa 215-219)"
EV-A71,218,immune_escape,"Foo 2007; GH loop, minimal epitope (aa 215-219)"
EV-A71,219,immune_escape,"Foo 2007; GH loop, minimal epitope (aa 215-219)"
EV-A71,222,immune_escape,"Foo 2007; GH loop, neutralizing epitope"
EV-A71,164,immune_escape,"Huang 2015; antigenic determinant, VP1-164E neutralization reduction"
EV-A71,241,functional,"Lim 2013; S241L escape mutation, virulence determinant"
EV-A71,244,functional,"Lim 2013; K244E/R escape mutation, NF449 resistance"
