pathogen,best_score,best_detector,best_family,mcc_adaptive,f1_adaptive,constrained_fpr,dms_f1,composite_score
SARS-CoV-2,E*rare,"CUSUM(d=0.5,h=4.0)",CUSUM,0.1184,0.1304,0.013,0.0564,0.1265
H3N2,E_only,SlidingTest(p=0.05),SlidingTest,0.5488,0.5,0.6,0.0635,0.32
Norovirus,P*E*rare,GradPeak(p=0.5),GradPeak,0.438,0.4151,0.0,,0.4151
HIV-1,E*rare,SlidingTest(p=0.01),SlidingTest,0.1816,0.1628,0.6522,0.3152,-0.0329
Dengue,E*rare,FreqThresh(p=80),FreqThresh,0.2563,0.254,0.0417,,0.2415
RSV,P*E,FreqThresh(p=95),FreqThresh,0.2494,0.1739,0.0,0.0118,0.1739
Influenza_B,H-score,Wavelet(t=2.0),Wavelet,0.3612,0.3077,0.5,,0.1577
MERS,rank(P*E),SlidingTest(p=0.05),SlidingTest,0.0879,0.0351,0.2182,,-0.0304
HCV,E_only,"CUSUM(d=0.5,h=5.0)",CUSUM,0.4425,0.5055,0.0,,0.5055
