position,pLDDT
1,26.0
2,26.0
3,30.0
4,25.0
5,26.0
6,24.0
7,24.0
8,25.0
9,22.0
10,23.0
11,22.0
12,21.0
13,22.0
14,23.0
15,22.0
16,23.0
17,24.0
18,24.0
19,24.0
20,27.0
21,25.0
22,26.0
23,26.0
24,26.0
25,27.0
26,28.0
27,29.0
28,31.0
29,32.0
30,33.0
31,34.0
32,34.0
33,33.0
34,33.0
35,32.0
36,31.0
37,33.0
38,33.0
39,35.0
40,31.0
41,31.0
42,28.0
43,27.0
44,25.0
45,26.0
46,22.0
47,25.0
48,24.0
49,26.0
50,26.0
51,26.0
52,24.0
53,23.0
54,24.0
55,23.0
56,22.0
57,23.0
58,22.0
59,23.0
60,23.0
61,24.0
62,24.0
63,24.0
64,25.0
65,25.0
66,24.0
67,25.0
68,24.0
69,25.0
70,25.0
71,23.0
72,23.0
73,22.0
74,21.0
75,23.0
76,23.0
77,23.0
78,23.0
79,23.0
80,22.0
81,25.0
82,21.0
83,20.0
84,21.0
85,22.0
86,24.0
87,23.0
88,22.0
89,23.0
90,21.0
91,22.0
92,23.0
93,25.0
94,24.0
95,23.0
96,23.0
97,23.0
98,23.0
99,25.0
100,26.0
101,25.0
102,26.0
103,25.0
104,25.0
105,27.0
106,25.0
107,26.0
108,25.0
109,25.0
110,25.0
111,24.0
112,25.0
113,26.0
114,26.0
115,25.0
116,23.0
117,22.0
118,25.0
119,25.0
120,24.0
121,22.0
122,25.0
123,24.0
124,24.0
125,25.0
126,24.0
127,25.0
128,26.0
129,24.0
130,26.0
131,25.0
132,26.0
133,27.0
134,27.0
135,27.0
136,30.0
137,33.0
138,35.0
139,33.0
140,33.0
141,35.0
142,31.0
143,29.0
144,29.0
145,30.0
146,27.0
147,27.0
148,24.0
149,23.0
150,24.0
151,23.0
152,23.0
153,22.0
154,24.0
155,26.0
156,22.0
157,25.0
158,23.0
159,23.0
160,25.0
161,25.0
162,28.0
163,28.0
164,27.0
165,29.0
166,26.0
167,24.0
168,24.0
169,22.0
170,25.0
171,25.0
172,24.0
173,27.0
174,25.0
175,22.0
176,22.0
177,21.0
178,24.0
179,22.0
180,21.0
181,21.0
182,21.0
183,23.0
184,23.0
185,25.0
186,23.0
187,25.0
188,24.0
189,25.0
190,24.0
191,24.0
192,24.0
193,23.0
194,24.0
195,26.0
196,25.0
197,23.0
198,26.0
199,26.0
200,27.0
201,26.0
202,26.0
203,29.0
204,25.0
205,27.0
206,27.0
207,29.0
208,27.0
209,27.0
210,26.0
211,29.0
212,29.0
213,27.0
214,26.0
215,27.0
216,26.0
217,25.0
218,24.0
219,22.0
220,20.0
221,22.0
222,22.0
223,23.0
224,24.0
225,26.0
226,23.0
227,22.0
228,21.0
229,21.0
230,22.0
231,21.0
232,23.0
233,23.0
234,25.0
235,25.0
236,23.0
237,23.0
238,24.0
239,23.0
240,23.0
241,24.0
242,23.0
243,20.0
244,21.0
245,22.0
246,22.0
247,23.0
248,21.0
249,21.0
250,25.0
251,22.0
252,25.0
253,23.0
254,24.0
255,23.0
256,22.0
257,20.0
258,21.0
259,23.0
260,25.0
261,24.0
262,24.0
263,25.0
264,25.0
265,24.0
266,23.0
267,24.0
268,25.0
269,23.0
270,25.0
271,23.0
272,24.0
273,24.0
274,24.0
275,26.0
276,25.0
277,25.0
278,23.0
279,25.0
280,24.0
281,25.0
282,25.0
283,24.0
284,25.0
285,26.0
286,24.0
287,22.0
288,22.0
289,22.0
290,22.0
291,23.0
292,22.0
293,23.0
294,20.0
295,23.0
296,19.0
297,20.0
298,20.0
299,20.0
300,18.0
301,19.0
302,20.0
303,21.0
304,21.0
305,20.0
306,21.0
307,20.0
308,20.0
309,19.0
310,19.0
311,20.0
312,20.0
313,21.0
314,21.0
315,22.0
316,23.0
317,24.0
318,23.0
319,24.0
320,26.0
321,23.0
322,25.0
323,23.0
324,24.0
325,22.0
326,23.0
327,21.0
328,24.0
329,22.0
330,20.0
331,21.0
332,24.0
333,24.0
334,24.0
335,26.0
336,30.0
337,31.0
338,30.0
339,32.0
340,37.0
341,32.0
342,28.0
343,34.0
344,33.0
345,30.0
346,31.0
347,41.0
348,43.0
349,41.0
350,54.0
351,70.0
352,53.0
