position,SASA,RSA
1,244.81,1.0
2,200.68,0.8503
3,93.14,0.722
4,154.41,0.7838
5,145.97,0.741
6,85.34,0.6616
7,144.63,0.7195
8,84.48,0.5451
9,130.08,0.6671
10,134.7,0.6837
11,128.77,0.6407
12,87.22,0.5223
13,124.35,0.6187
14,103.02,0.5921
15,174.02,0.7251
16,73.77,0.5718
17,118.18,0.5253
18,129.42,0.6637
19,95.93,0.487
20,86.81,0.546
21,49.88,0.4796
22,73.97,0.3793
23,92.67,0.4802
24,117.22,0.6011
25,61.79,0.3986
26,44.41,0.2582
27,17.89,0.1387
28,1.07,0.0062
29,50.72,0.2523
30,27.7,0.1659
31,24.82,0.1235
32,48.1,0.4625
33,132.95,0.5935
34,98.5,0.4397
35,94.89,0.7356
36,38.64,0.2221
37,68.72,0.4322
38,13.02,0.0667
39,11.79,0.1133
40,52.86,0.3073
41,115.15,0.5845
42,25.36,0.1457
43,151.03,0.64
44,50.39,0.293
45,92.95,0.4718
46,39.17,0.2277
47,70.35,0.3608
48,81.6,0.4228
49,134.32,0.597
50,28.98,0.1471
51,78.75,0.3531
52,13.28,0.0763
53,57.39,0.3336
54,98.7,0.5061
55,0.0,0.0
56,52.4,0.3047
57,16.34,0.0733
58,3.21,0.016
59,8.32,0.0478
60,80.19,0.3564
61,39.02,0.2001
62,127.2,0.8206
63,81.23,0.5241
64,49.1,0.2493
65,52.75,0.5072
66,156.9,0.6648
67,54.69,0.2776
68,49.45,0.2961
69,127.52,0.654
70,68.91,0.4446
71,50.68,0.3188
72,136.44,0.6091
73,146.65,0.6518
74,72.98,0.3705
75,70.71,0.3518
76,88.01,0.456
77,8.34,0.0802
78,19.05,0.1832
79,88.64,0.4546
80,7.48,0.0448
81,0.0,0.0
82,4.83,0.024
83,7.25,0.0368
84,4.29,0.0222
85,46.38,0.3595
86,11.8,0.0587
87,23.74,0.1181
88,7.25,0.0697
89,11.79,0.0611
90,43.05,0.2707
91,153.19,0.6808
92,22.23,0.1331
93,76.09,0.3943
94,66.78,0.6421
95,93.89,0.3912
96,161.01,0.7156
97,139.27,0.7142
98,88.57,0.3753
99,70.06,0.3142
100,33.31,0.1169
101,26.28,0.1362
102,16.79,0.0835
103,95.11,0.3963
104,18.42,0.1058
105,1.21,0.0054
106,28.62,0.1045
107,17.43,0.1125
108,171.29,0.6252
109,16.91,0.1311
110,61.22,0.3139
111,92.67,0.5979
112,25.07,0.1617
113,14.83,0.0888
114,3.21,0.0122
115,22.94,0.1443
116,38.49,0.1464
117,0.0,0.0
118,0.0,0.0
119,6.04,0.038
120,16.5,0.0855
121,9.66,0.0367
122,4.83,0.0374
123,0.0,0.0
124,3.62,0.018
125,101.57,0.3707
126,12.47,0.0804
127,16.91,0.0841
128,2.42,0.0139
129,30.58,0.2371
130,29.65,0.1913
131,1.07,0.0069
132,0.0,0.0
133,15.56,0.0905
134,28.13,0.14
135,58.18,0.2609
136,49.04,0.2043
137,74.39,0.3152
138,91.88,0.4761
139,30.56,0.1371
140,113.48,0.582
141,5.36,0.0223
142,83.02,0.4257
143,2.14,0.0075
144,9.66,0.0562
145,2.19,0.021
146,6.43,0.0369
147,138.5,0.5869
148,89.42,0.3974
149,49.33,0.253
150,0.0,0.0
151,40.58,0.1719
152,0.0,0.0
153,2.14,0.0138
154,0.0,0.0
155,0.0,0.0
156,107.04,0.4536
157,187.22,0.6833
158,45.55,0.438
159,20.72,0.1337
160,116.24,0.5961
161,52.17,0.3366
162,10.87,0.0701
163,16.56,0.069
164,14.49,0.0604
165,11.92,0.0769
166,57.39,0.2095
167,1.21,0.006
168,5.4,0.0277
169,5.81,0.0204
170,0.0,0.0
171,20.51,0.1193
172,26.92,0.1737
173,143.65,0.7147
174,63.39,0.3284
175,158.66,0.8136
176,164.07,0.6952
177,93.76,0.3565
178,33.02,0.2077
179,49.15,0.381
180,3.39,0.0151
181,9.84,0.0505
182,1.07,0.0062
183,44.78,0.2604
184,17.32,0.0773
185,54.73,0.3442
186,4.29,0.022
187,172.72,0.7319
188,75.14,0.3369
189,231.94,0.8465
190,39.85,0.166
191,49.78,0.2579
192,6.56,0.0278
193,3.49,0.0173
194,3.49,0.0133
195,13.99,0.071
196,2.42,0.0085
197,0.0,0.0
198,0.0,0.0
199,0.0,0.0
200,0.0,0.0
201,0.0,0.0
202,32.55,0.1687
203,58.63,0.3409
204,83.4,0.4321
205,206.27,0.7528
206,4.37,0.0224
207,6.43,0.0286
208,161.9,0.6746
209,43.46,0.2804
210,5.9,0.0294
211,9.66,0.0403
212,9.64,0.0748
213,75.93,0.3375
214,81.9,0.5284
215,71.72,0.4627
216,0.0,0.0
217,38.48,0.1404
218,0.0,0.0
219,7.77,0.0452
220,1.21,0.0069
221,2.14,0.0138
222,0.0,0.0
223,43.15,0.1829
224,97.68,0.3565
225,8.32,0.0537
226,8.75,0.0389
227,24.45,0.1087
228,4.29,0.0332
229,1.21,0.0069
230,69.56,0.3531
231,4.29,0.027
232,45.8,0.2349
233,42.39,0.2152
234,16.91,0.1626
235,106.56,0.6875
236,19.6,0.0715
237,104.95,0.6601
238,171.26,0.625
239,59.17,0.3401
240,110.26,0.4024
241,125.42,0.6498
242,22.94,0.1165
243,27.78,0.1747
244,3.21,0.0207
245,12.14,0.0443
246,0.0,0.0
247,0.0,0.0
248,10.87,0.0552
249,5.77,0.0219
250,15.02,0.0527
251,0.0,0.0
252,30.9,0.1568
253,0.0,0.0
254,81.07,0.3435
255,69.33,0.436
256,51.66,0.4968
257,5.77,0.0299
258,65.08,0.3303
259,0.0,0.0
260,33.68,0.1675
261,1.21,0.0061
262,48.44,0.2484
263,0.0,0.0
264,44.27,0.2574
265,3.51,0.0337
266,0.0,0.0
267,1.07,0.0053
268,0.0,0.0
269,0.0,0.0
270,0.0,0.0
271,81.72,0.2983
272,3.21,0.0309
273,20.77,0.079
274,12.08,0.0503
275,33.38,0.1414
276,18.64,0.0946
277,56.85,0.2075
278,94.66,0.6107
279,14.61,0.1405
280,114.18,0.4838
281,13.4,0.0865
282,56.4,0.3638
283,27.53,0.1397
284,95.56,0.4266
285,122.4,0.4467
286,82.32,0.5311
287,76.06,0.3941
288,42.28,0.3277
289,72.44,0.4556
290,74.06,0.3759
291,34.27,0.3295
292,139.59,0.6259
293,65.66,0.3932
294,134.7,0.5708
295,100.78,0.6502
296,131.04,0.5876
297,48.94,0.293
298,109.6,0.5564
299,36.23,0.2106
300,131.72,0.8284
301,148.75,0.7628
302,58.76,0.565
303,63.58,0.4102
304,119.63,0.6073
305,48.72,0.3064
306,126.31,0.6478
307,120.35,0.6236
308,128.81,0.5458
309,90.87,0.5715
310,173.82,0.7242
311,144.14,0.6406
312,40.64,0.2084
313,63.33,0.364
314,77.5,0.3974
315,156.55,0.5714
316,89.42,0.4539
317,78.86,0.4585
318,98.41,0.3742
319,27.28,0.2623
320,76.54,0.5934
321,36.95,0.2212
322,77.29,0.4861
323,230.41,0.8409
324,133.72,0.5084
325,57.81,0.3323
326,154.34,0.654
327,140.67,0.6252
328,48.63,0.3137
329,82.47,0.4795
330,57.27,0.2849
331,50.86,0.2155
332,69.93,0.3479
333,55.22,0.4281
334,60.36,0.351
335,58.55,0.5629
336,113.34,0.506
337,126.21,0.4606
338,93.81,0.4811
339,44.15,0.2537
340,79.59,0.5006
341,166.02,0.7445
342,189.01,0.8009
343,88.39,0.3928
344,53.93,0.4181
345,202.45,0.7389
346,56.36,0.5419
347,42.27,0.2146
348,126.01,0.525
349,49.57,0.4766
350,56.47,0.4377
351,77.29,0.3923
352,34.91,0.2706
353,13.17,0.1266
354,75.13,0.313
355,142.45,0.7231
356,140.28,0.6291
357,92.46,0.4741
358,29.85,0.287
359,58.33,0.2047
360,138.04,0.619
361,23.59,0.2268
362,84.08,0.3754
363,70.04,0.4025
364,105.31,0.5457
365,40.04,0.385
366,181.88,0.6382
367,144.55,0.5496
368,36.8,0.3538
369,108.53,0.4522
370,170.62,0.6227
371,163.83,0.7314
372,157.34,0.6993
373,54.52,0.2796
374,101.2,0.6529
375,165.51,0.7422
376,67.5,0.649
377,238.59,0.8708
378,63.51,0.6107
379,96.18,0.4275
380,85.45,0.6624
381,77.18,0.5983
382,36.61,0.1897
383,95.27,0.474
384,164.76,0.6981
385,58.75,0.379
386,26.57,0.1545
387,82.13,0.365
388,57.04,0.4421
389,31.01,0.2404
390,65.21,0.331
391,75.72,0.3923
392,65.09,0.2893
393,45.89,0.2329
394,57.38,0.2943
395,22.69,0.2182
396,4.72,0.02
397,12.06,0.06
398,127.4,0.6533
399,152.39,0.5562
400,105.38,0.5243
401,1.21,0.0061
402,0.0,0.0
403,13.81,0.0585
404,23.88,0.1388
405,5.38,0.0276
406,22.11,0.0991
407,15.77,0.0668
408,48.31,0.2013
409,77.24,0.3448
410,29.22,0.1299
411,53.14,0.2697
412,64.07,0.2873
413,74.92,0.3175
414,133.46,0.5985
415,117.14,0.4881
416,33.64,0.217
417,115.48,0.5179
418,86.95,0.4997
419,91.83,0.4118
420,18.96,0.1823
421,88.1,0.3215
422,32.61,0.1874
423,9.85,0.0438
424,12.86,0.0666
425,45.89,0.2283
426,52.97,0.2375
427,124.49,0.5275
428,140.68,0.5349
429,38.64,0.2221
430,40.6,0.1821
431,82.81,0.4291
432,46.28,0.2691
433,29.28,0.1241
434,22.94,0.1165
435,107.18,0.5553
436,88.04,0.438
437,16.63,0.0584
438,31.5,0.2032
439,74.82,0.2845
440,6.56,0.0336
441,0.0,0.0
442,40.72,0.1826
443,0.0,0.0
444,0.0,0.0
445,0.0,0.0
446,0.0,0.0
447,0.0,0.0
448,0.0,0.0
449,0.0,0.0
450,2.17,0.0096
451,86.06,0.3842
452,86.06,0.5004
453,26.34,0.1337
454,120.88,0.6263
455,62.8,0.3124
456,13.17,0.0766
457,35.81,0.1855
458,44.32,0.2859
459,47.59,0.2134
460,0.0,0.0
461,33.33,0.1709
462,99.41,0.4212
463,1.21,0.006
464,2.42,0.0101
465,2.14,0.0096
466,22.9,0.097
467,0.0,0.0
468,1.21,0.0051
469,86.08,0.3647
470,0.0,0.0
471,0.0,0.0
472,61.55,0.2246
473,94.61,0.4243
474,38.09,0.1953
475,36.31,0.2815
476,116.13,0.5208
477,147.7,0.7653
478,66.64,0.2975
479,54.26,0.5217
480,187.92,0.9637
481,40.49,0.3894
482,44.65,0.2673
483,26.57,0.1107
484,100.23,0.4247
485,1.21,0.0061
486,13.15,0.05
487,10.64,0.0475
488,11.42,0.0484
489,0.0,0.0
490,30.55,0.1583
491,94.07,0.4824
492,68.88,0.534
493,0.0,0.0
494,33.68,0.171
495,25.36,0.2438
496,21.49,0.1386
497,29.9,0.1518
498,169.07,0.6171
499,109.85,0.5633
500,160.38,0.7192
501,90.77,0.5277
502,58.05,0.2207
503,72.57,0.376
504,60.74,0.2712
505,82.08,0.4209
506,75.67,0.4349
507,27.49,0.1045
508,116.93,0.4267
509,67.79,0.3513
510,84.97,0.381
511,21.62,0.1676
512,37.44,0.1863
513,31.54,0.1617
514,49.18,0.2522
515,8.0,0.0292
516,87.32,0.3638
517,47.55,0.2113
518,0.0,0.0
519,73.98,0.3135
520,3.62,0.0348
521,9.25,0.0532
522,1.07,0.0048
523,42.27,0.2103
524,82.55,0.3498
525,16.07,0.1037
526,21.62,0.2079
527,102.42,0.3894
528,44.47,0.1885
529,27.99,0.145
530,82.94,0.291
531,14.49,0.0736
532,16.91,0.0841
533,10.3,0.0361
534,77.29,0.3923
535,7.64,0.0493
536,10.87,0.0453
537,9.12,0.0707
538,46.66,0.2083
539,1.07,0.0069
540,0.0,0.0
541,120.76,0.5032
542,32.33,0.1609
543,27.64,0.1375
544,64.78,0.3879
545,82.92,0.4209
546,55.94,0.4337
547,90.57,0.4506
548,109.64,0.5455
549,37.46,0.3602
550,125.59,0.5233
551,68.83,0.3494
552,113.5,0.5067
553,118.69,0.4164
554,4.83,0.0374
555,41.32,0.2474
556,146.84,0.6526
557,132.48,0.5614
558,58.58,0.5632
559,123.46,0.6331
560,77.54,0.3936
561,216.87,0.7915
562,42.78,0.2561
563,136.27,0.6988
564,154.13,0.7824
565,100.71,0.6031
566,146.61,0.7442
