position,grantham
0,0.0
1,0.0
2,0.0
3,28.955390334572492
4,98.0
5,29.25
6,56.0
7,46.44043321299639
8,43.0
9,34.0
10,0.0
11,68.33333333333333
12,75.0
13,0.0
14,32.075471698113205
15,145.0
16,60.0
17,59.995271867612296
18,66.71082089552239
19,0.0
20,0.0
21,45.0
22,24.348794063079776
23,85.5
24,32.0
25,29.0
26,0.0
27,125.0
28,56.0
29,0.0
30,29.0
31,81.0
32,0.0
33,12.1
34,0.0
35,51.855932203389834
36,37.84101382488479
37,0.0
38,0.0
39,0.0
40,0.0
41,0.0
42,21.00235849056604
43,0.0
44,113.0
45,13.457023060796645
46,56.0
47,89.0
48,64.82456140350877
49,64.0
50,77.91745283018868
51,47.27958115183246
52,79.12154696132596
53,107.0
54,74.34137291280149
55,32.0
56,125.0
57,77.09565217391304
58,36.12850467289719
59,0.0
60,29.50344827586207
61,56.0
62,60.0
63,119.12068965517241
64,5.104283054003725
65,58.08379888268156
66,23.0
67,89.0
68,69.0
69,75.0
70,118.1825613079019
71,59.11304347826087
72,59.0
73,112.0
74,169.0
75,58.0
76,42.0
77,80.0
78,0.0
79,27.025943396226417
80,76.29020332717191
81,113.0
82,115.08625336927224
83,65.0
84,42.0
85,0.0
86,81.0
87,91.93518518518519
88,76.93470149253731
89,23.166666666666668
90,29.0
91,112.0
92,26.0
93,29.0
94,59.55223880597015
95,25.98989898989899
96,0.0
97,127.0
98,26.0
99,125.0
100,101.0
101,0.0
102,23.0
103,0.0
104,0.0
105,109.0
106,0.0
107,0.0
108,0.0
109,0.0
110,0.0
111,56.0
112,10.23475046210721
113,30.03554502369668
114,58.0
115,0.0
116,64.0
117,95.0
118,50.0
119,75.19152854511971
120,0.0
121,101.41436464088397
122,87.78453038674033
123,94.28228782287823
124,13.953271028037383
125,64.3360655737705
126,0.0
127,94.23893805309734
128,22.90801886792453
129,0.0
130,109.63636363636364
131,105.5724907063197
132,0.0
133,149.0
134,0.0
135,56.0
136,0.0
137,58.07328605200946
138,28.910946196660483
139,29.31058823529412
140,29.0
141,0.0
142,68.0
143,0.0
144,55.47014925373134
145,0.0
146,45.09869646182495
147,36.57276119402985
148,68.71428571428571
149,90.92235294117647
150,30.296296296296298
151,125.0
152,42.714285714285715
153,44.896470588235296
154,58.03928571428571
155,58.49534450651769
156,64.09176029962546
157,70.0
158,0.0
159,80.05057096247961
160,78.4160447761194
161,90.10332749562171
162,77.66975881261595
163,29.0
164,0.0
165,0.0
166,43.0
167,99.05176470588235
168,74.0
169,98.76288659793815
170,62.63157894736842
171,45.0
172,87.40074211502782
173,34.70204841713222
174,51.5
175,44.673611111111114
176,94.0
177,0.0
178,0.0
179,59.75231053604436
180,33.19400352733686
181,58.851851851851855
182,15.144712430426717
183,45.0
184,195.0
185,80.5701754385965
186,103.0
187,0.0
188,58.0
189,60.75
190,6.217391304347826
191,0.0
192,0.0
193,32.2
194,0.0
195,65.66666666666667
196,32.541666666666664
197,67.0
198,15.0
199,44.14100185528757
200,73.11111111111111
201,56.13984674329502
202,43.13223140495868
203,26.0
204,90.38461538461539
205,0.0
206,0.0
207,109.0
208,0.0
209,26.0
210,0.0
211,67.0
212,0.0
213,19.166666666666668
214,33.3
215,99.33333333333333
216,0.0
217,22.0
218,0.0
219,184.0
220,91.88826815642459
221,64.3588785046729
222,0.0
223,66.0
224,70.33409610983982
225,76.86026200873363
226,71.71322160148976
227,91.0796992481203
228,89.35130111524164
229,66.04681647940075
230,61.0
231,148.94785847299815
232,42.37126865671642
233,52.93617021276596
234,45.14622641509434
235,87.21597096188748
236,15.0
237,0.0
238,62.5
239,0.0
240,0.0
241,79.51962616822429
242,27.025943396226417
243,0.0
244,126.0
245,26.0
246,26.0
247,59.5
248,45.0
249,0.0
250,68.47863247863248
251,29.0
252,32.0
253,0.0
254,0.0
255,0.0
256,0.0
257,125.0
258,0.0
259,18.0
260,0.0
261,58.20175438596491
262,64.0
263,0.0
264,58.2972972972973
265,0.0
266,0.0
267,0.0
268,0.0
269,29.0
270,61.45614035087719
271,92.4671669793621
272,56.01754385964912
273,58.24907063197026
274,59.0
275,65.0
276,93.07962962962964
277,7.217877094972067
278,22.0
279,58.12801484230056
280,0.0
281,83.0
282,71.75
283,0.0
284,0.0
285,26.0
286,31.761061946902654
287,26.0
288,81.0
289,45.508620689655174
290,0.0
291,0.0
292,42.33644859813084
293,5.0
294,0.0
295,0.0
296,22.59124087591241
297,58.0
298,0.0
299,110.17439703153988
300,33.0
301,180.0
302,58.36206896551724
303,101.5
304,119.98117647058824
305,22.0
306,121.0
307,30.998425196850395
308,127.30297397769517
309,33.5
310,45.0
311,23.118959107806692
312,0.0
313,107.0
314,38.0
315,24.0
316,24.0
317,0.0
318,58.0
319,41.684803001876176
320,31.992924528301888
321,28.897289586305277
322,39.47583643122677
323,29.01063829787234
324,52.98134328358209
325,0.0
326,0.0
327,60.0
328,88.24029574861368
329,94.0
330,99.30811808118081
331,0.0
332,0.0
333,0.0
334,29.0
335,0.0
336,21.004926108374384
337,80.91079812206573
338,94.46933962264151
339,96.61889250814332
340,172.0
341,115.62126865671642
342,53.10223048327138
343,126.84470588235294
344,86.72426470588235
345,54.25766016713092
346,93.53318584070796
347,127.44029850746269
348,56.0
349,0.0
350,5.716814159292035
351,17.0
352,58.0
353,76.24907063197026
354,65.0
355,0.0
356,20.93220338983051
357,63.416666666666664
358,67.84444444444445
359,47.48114901256732
360,75.77777777777777
361,40.42936802973978
362,114.61670235546039
363,68.45454545454545
364,67.68067226890756
365,46.0
366,29.0
367,56.0
368,78.09345794392523
369,98.0
370,0.0
371,50.5
372,22.0
373,0.0
374,45.0
375,110.66666666666667
376,22.0
377,8.574468085106384
378,30.495016611295682
379,29.0
380,0.0
381,63.92326139088729
382,97.96641791044776
383,94.7518656716418
384,112.15355805243446
385,90.27798507462687
386,15.0
387,78.0
388,0.0
389,57.423611111111114
390,0.0
391,28.65
392,26.0
393,26.0
394,125.0
395,0.0
396,46.0
397,149.0
398,0.0
399,52.981378026070765
400,18.25
401,24.555555555555557
402,0.0
403,58.34438305709024
404,0.0
405,73.62616822429906
406,97.0
407,125.0
408,64.0
409,26.0
410,0.0
411,0.0
412,0.0
413,85.0
414,0.0
415,0.0
416,45.95614035087719
417,0.0
418,0.0
419,199.5
420,160.0
421,0.0
422,125.0
423,0.0
424,10.697588126159555
425,125.0
426,0.0
427,27.88421052631579
428,21.988235294117647
429,0.0
430,0.0
431,24.40515653775322
432,0.0
433,0.0
434,96.02364066193853
435,29.689719626168223
436,0.0
437,0.0
438,29.0
439,0.0
440,60.0
441,66.64365671641791
442,80.29664179104478
443,0.0
444,59.578947368421055
445,62.71747211895911
446,93.25185185185185
447,0.0
448,55.82608695652174
449,0.0
450,0.0
451,0.0
452,0.0
453,81.08196721311475
454,19.345132743362832
455,26.0
456,0.0
457,138.0
458,37.333333333333336
459,0.0
460,33.81978798586572
461,30.94909090909091
462,10.094972067039107
463,91.70175438596492
464,101.0
465,5.056737588652482
466,0.0
467,28.878957169459962
468,51.5
469,100.66666666666667
470,77.33333333333333
471,46.578947368421055
472,54.3
473,70.0
474,16.5
475,99.86324786324786
476,21.203703703703702
477,59.20217391304348
478,196.707635009311
479,29.050467289719627
480,95.20185185185186
481,30.5
482,159.0
483,40.017610062893084
484,29.0
485,63.5
486,15.0
487,24.104347826086958
488,59.333333333333336
489,125.0
490,56.47982062780269
491,74.27131782945736
492,109.0
493,30.0
494,51.0
