position,freq,entropy,rare_freq,homoplasy,esm2_llr,plddt,sasa,grantham,dnds_proxy,semantic_change,layer_a
0,0.11764705882352944,0.5225593745369408,0.0,0.0,1.1296188831329346,34.0,0.8379,21.0,1.2191,0.041833,0
1,0.11764705882352944,0.5225593745369408,0.0,0.733333,1.2139157056808472,43.0,0.7805,96.0,2.1335,0.109745,0
2,0.11764705882352944,0.5225593745369408,0.0,0.733333,0.7559104561805725,52.0,0.0359,170.0,1.0667,0.101491,0
3,0.11764705882352944,0.5225593745369408,0.0,0.733333,0.9385755062103271,41.0,0.4277,135.0,1.2191,0.076442,0
4,0.11764705882352944,0.5225593745369408,0.0,0.8,0.2881387770175934,38.0,0.4232,127.0,1.4223,0.072666,0
5,0.11764705882352944,0.5225593745369408,0.0,0.6,0.5179407000541687,35.0,0.4418,124.0,1.4223,0.079691,0
6,0.11764705882352944,0.5225593745369408,0.0,0.733333,0.3046734631061554,35.0,0.4906,56.0,2.1335,0.073665,0
7,0.11764705882352944,0.5225593745369408,0.0,0.733333,1.0510538816452026,36.0,0.679,80.0,1.0667,0.088214,0
8,0.11764705882352944,0.5225593745369408,0.0,0.8,1.2485605478286743,43.0,0.4786,71.0,2.1335,0.060731,0
9,0.11764705882352944,0.5225593745369408,0.0,0.866667,0.40231844782829285,40.0,0.8153,181.0,1.0667,0.064663,0
10,0.11764705882352944,0.5225593745369408,0.0,0.866667,0.8935509920120239,47.0,0.3537,50.0,1.0667,0.071477,0
11,0.11764705882352944,0.5225593745369408,0.0,0.8,0.2991524338722229,42.0,0.5899,152.0,1.4223,0.074613,0
12,0.11764705882352944,0.5225593745369408,0.0,0.733333,0.37560105323791504,47.0,0.5396,121.0,1.0667,0.076881,0
13,0.11764705882352944,0.5225593745369408,0.0,0.666667,0.2198006808757782,44.0,0.1998,109.0,1.4223,0.089918,0
14,0.11764705882352944,0.5225593745369408,0.0,0.733333,1.2019718885421753,32.0,0.9424,15.0,0.9482,0.054544,0
15,0.11764705882352944,0.5225593745369408,0.0,0.8,0.22549103200435638,43.0,0.7048,80.0,2.1335,0.053649,0
16,0.11764705882352944,0.5225593745369408,0.0,0.8,0.18459868431091309,48.0,0.4036,98.0,1.4223,0.058317,0
17,0.0,-0.0,0.0,0.8,0.23659071326255798,59.0,0.0116,0.0,0.0,0.0,0
18,0.11764705882352944,0.5225593745369408,0.0,0.733333,0.28502973914146423,67.0,0.0265,59.0,1.4223,0.060878,0
19,0.11764705882352944,0.5225593745369408,0.0,0.733333,0.7609173059463501,69.0,0.3037,215.0,0.9482,0.089707,0
20,0.0,-0.0,0.0,0.8,0.09122882783412933,72.0,0.0347,0.0,0.0,0.0,0
21,0.11764705882352944,0.5225593745369408,0.0,0.733333,0.012953540310263634,70.0,0.3901,85.0,1.0667,0.075485,0
22,0.0,-0.0,0.0,0.6,0.11248673498630524,74.0,0.0,0.0,0.0,0.0,0
23,0.11764705882352944,0.5225593745369408,0.0,0.733333,0.26038578152656555,72.0,0.2768,21.0,1.4223,0.043129,0
24,0.11764705882352944,0.5225593745369408,0.0,0.8,0.031512245535850525,77.0,0.006,96.0,2.1335,0.060594,0
25,0.11764705882352944,0.5225593745369408,0.0,0.733333,0.08136157691478729,70.0,0.1799,29.0,1.0667,0.043778,0
26,0.11764705882352944,0.5225593745369408,0.0,0.8,0.46592873334884644,68.0,0.1403,81.0,1.0667,0.039334,0
27,0.11764705882352944,0.5225593745369408,0.0,0.866667,0.14426028728485107,61.0,0.1483,127.0,1.4223,0.059209,0
28,0.11764705882352944,0.5225593745369408,0.0,0.733333,0.14767536520957947,65.0,0.0929,42.0,1.4223,0.049665,0
29,0.11764705882352944,0.5225593745369408,0.0,0.666667,0.6010484099388123,71.0,0.1617,149.0,1.0667,0.113688,0
30,0.0,-0.0,0.0,0.8,0.09845789521932602,74.0,0.0139,0.0,0.0,0.0,0
31,0.11764705882352944,0.5225593745369408,0.0,0.733333,0.0864444375038147,71.0,0.0421,85.0,1.4223,0.051863,0
32,0.23529411764705888,1.022420703848328,0.0,0.6,0.1812998503446579,72.0,0.0069,46.5,2.8446,0.041604,0
33,0.11764705882352944,0.5225593745369408,0.0,0.866667,0.40596169233322144,66.0,0.2866,126.0,0.9482,0.052097,0
34,0.11764705882352944,0.5225593745369408,0.0,0.866667,0.2546223998069763,65.0,0.0758,96.0,1.4223,0.073931,0
35,0.11764705882352944,0.5225593745369408,0.0,0.733333,0.5321342349052429,61.0,0.5327,96.0,1.0667,0.056302,0
36,0.11764705882352944,0.5225593745369408,0.0,0.733333,0.22399254143238068,59.0,0.7159,85.0,1.0667,0.062247,0
37,0.11764705882352944,0.5225593745369408,0.0,0.666667,0.22009000182151794,64.0,0.344,78.0,1.0667,0.045649,0
38,0.11764705882352944,0.5225593745369408,0.0,0.733333,0.3446179926395416,66.0,0.1436,38.0,1.4223,0.061836,0
39,0.11764705882352944,0.5225593745369408,0.0,0.6,0.27626779675483704,68.0,0.2051,69.0,1.4223,0.060638,0
40,0.11764705882352944,0.5225593745369408,0.0,0.733333,0.07185429334640503,74.0,0.0139,124.0,1.4223,0.066382,0
41,0.11764705882352944,0.5225593745369408,0.0,0.733333,0.5804643630981445,77.0,0.059,23.0,1.0667,0.043993,0
42,0.11764705882352944,0.5225593745369408,0.0,0.866667,0.09909173101186752,80.0,0.0061,10.0,1.2191,0.048681,0
43,0.11764705882352944,0.5225593745369408,0.0,0.8,0.22850340604782104,79.0,0.2769,107.0,1.0667,0.049632,0
44,0.11764705882352944,0.5225593745369408,0.0,0.8,0.05826379358768463,80.0,0.006,138.0,2.1335,0.068664,0
45,0.0,-0.0,0.0,0.666667,0.3130904734134674,78.0,0.3315,0.0,0.0,0.0,0
46,0.11764705882352944,0.5225593745369408,0.0,0.733333,0.3055323362350464,79.0,0.0484,71.0,1.4223,0.0512,0
47,0.11764705882352944,0.5225593745369408,0.0,0.666667,0.20178304612636566,80.0,0.0062,58.0,1.4223,0.037577,0
48,0.11764705882352944,0.5225593745369408,0.0,0.733333,0.16916200518608093,82.0,0.0,92.0,1.4223,0.052713,0
49,0.11764705882352944,0.5225593745369408,0.0,0.733333,0.17891067266464233,82.0,0.0,192.0,1.4223,0.085069,0
50,0.11764705882352944,0.5225593745369408,0.0,0.733333,0.24783821403980255,80.0,0.1107,144.0,2.1335,0.045534,0
51,0.11764705882352944,0.5225593745369408,0.0,0.8,1.0328422784805298,80.0,0.6239,42.0,1.0667,0.035295,0
52,0.11764705882352944,0.5225593745369408,0.0,0.8,1.252026915550232,80.0,0.1156,84.0,0.9482,0.049733,0
53,0.11764705882352944,0.5225593745369408,0.0,0.8,0.34410780668258667,80.0,0.3745,99.0,1.4223,0.045491,0
54,0.11764705882352944,0.5225593745369408,0.0,0.733333,0.13263502717018127,78.0,0.5024,134.0,1.0667,0.054778,0
55,0.11764705882352944,0.5225593745369408,0.0,0.8,0.20416539907455444,76.0,0.2921,124.0,1.4223,0.052419,0
56,0.11764705882352944,0.5225593745369408,0.0,0.666667,0.4940599203109741,75.0,0.2018,96.0,2.1335,0.038528,0
57,0.11764705882352944,0.5225593745369408,0.0,0.8,0.14196030795574188,75.0,0.1175,135.0,2.1335,0.049679,0
58,0.11764705882352944,0.5225593745369408,0.0,0.733333,0.4942811131477356,76.0,0.0092,112.0,1.0667,0.051994,0
59,0.11764705882352944,0.5225593745369408,0.0,0.8,0.14666122198104858,76.0,0.0412,112.0,1.0667,0.079492,0
60,0.11764705882352944,0.5225593745369408,0.0,0.666667,0.04134538769721985,76.0,0.0184,160.0,1.0667,0.049107,0
61,0.11764705882352944,0.5225593745369408,0.0,0.866667,0.02889132685959339,79.0,0.0054,80.0,1.0667,0.047078,0
62,0.11764705882352944,0.5225593745369408,0.0,0.666667,0.010805429890751839,76.0,0.0085,112.0,1.4223,0.050706,0
63,0.11764705882352944,0.5225593745369408,0.0,0.733333,0.11025379598140717,79.0,0.1193,112.0,2.1335,0.101695,0
64,0.17647058823529416,0.8343470230852538,0.0,0.8,0.13708578050136566,81.0,0.2177,97.33333333333331,1.8287,0.054799,0
65,0.11764705882352944,0.5225593745369408,0.0,0.866667,0.2957613468170166,81.0,0.4488,58.0,2.1335,0.049933,0
66,0.11764705882352944,0.5225593745369408,0.0,0.8,0.3171214163303375,84.0,0.2812,61.0,1.0667,0.043301,0
67,0.11764705882352944,0.5225593745369408,0.0,0.8,0.18699884414672852,85.0,0.4149,127.0,0.9482,0.063044,1
68,0.11764705882352944,0.5225593745369408,0.0,0.8,0.2536170184612274,86.0,0.206,107.0,1.4223,0.051487,0
69,0.11764705882352944,0.5225593745369408,0.0,0.8,0.18923789262771606,83.0,0.3091,99.0,2.1335,0.049187,1
70,0.11764705882352944,0.5225593745369408,0.0,0.866667,0.25139665603637695,82.0,0.159,160.0,1.0667,0.043901,0
71,0.11764705882352944,0.5225593745369408,0.0,0.666667,0.28811243176460266,79.0,0.2769,145.0,2.1335,0.063666,1
72,0.11764705882352944,0.5225593745369408,0.0,0.666667,0.1858620047569275,79.0,0.2955,96.0,2.1335,0.0584,0
73,0.11764705882352944,0.5225593745369408,0.0,0.8,0.0008138681878335774,76.0,0.0997,202.0,1.0667,0.126679,0
74,0.11764705882352944,0.5225593745369408,0.0,0.6,0.004839374218136072,72.0,0.4225,76.0,1.4223,0.06877,0
75,0.11764705882352944,0.5225593745369408,0.0,0.8,0.2659432590007782,73.0,0.7655,58.0,1.4223,0.040477,0
76,0.11764705882352944,0.5225593745369408,0.0,0.8,0.7380633354187012,77.0,0.4812,61.0,1.0667,0.045782,0
77,0.11764705882352944,0.5225593745369408,0.0,0.8,0.2822718620300293,78.0,0.3398,59.0,1.4223,0.066378,0
78,0.11764705882352944,0.5225593745369408,0.0,0.8,0.1315125972032547,81.0,0.5644,29.0,1.0667,0.046627,0
79,0.11764705882352944,0.5225593745369408,0.0,0.733333,0.23948441445827484,81.0,0.0,112.0,1.4223,0.066069,0
80,0.11764705882352944,0.5225593745369408,0.0,0.666667,0.6484801769256592,85.0,0.437,55.0,1.0667,0.053337,0
81,0.11764705882352944,0.5225593745369408,0.0,0.733333,0.379606157541275,86.0,0.1202,198.0,2.1335,0.0952,0
82,0.11764705882352944,0.5225593745369408,0.0,0.8,0.39099088311195374,88.0,0.558,101.0,1.0667,0.047275,0
83,0.11764705882352944,0.5225593745369408,0.0,0.8,0.39545533061027527,86.0,0.3055,26.0,1.0667,0.035911,1
84,0.11764705882352944,0.5225593745369408,0.0,0.733333,1.140052080154419,82.0,0.3175,42.0,1.0667,0.054024,0
85,0.11764705882352944,0.5225593745369408,0.0,0.733333,0.21296736598014832,82.0,0.5951,145.0,2.1335,0.053957,0
86,0.11764705882352944,0.5225593745369408,0.0,0.866667,0.24711622297763824,81.0,0.2826,152.0,1.0667,0.046864,0
87,0.11764705882352944,0.5225593745369408,0.0,0.733333,0.2483951896429062,74.0,0.7011,85.0,1.4223,0.044935,0
88,0.11764705882352944,0.5225593745369408,0.0,0.8,1.2473386526107788,75.0,0.2433,43.0,1.0667,0.04383,0
89,0.11764705882352944,0.5225593745369408,0.0,0.866667,0.2586318850517273,82.0,0.0942,147.0,1.0667,0.058073,0
90,0.11764705882352944,0.5225593745369408,0.0,0.8,0.10802773386240005,81.0,0.0555,88.0,1.4223,0.053604,0
91,0.11764705882352944,0.5225593745369408,0.0,0.8,0.00022456508304458112,83.0,0.2728,159.0,1.0667,0.15123,0
92,0.11764705882352944,0.5225593745369408,0.0,0.8,0.06879733502864838,83.0,0.352,94.0,1.0667,0.055768,0
93,0.11764705882352944,0.5225593745369408,0.0,0.733333,0.11893261224031448,82.0,0.3941,125.0,2.1335,0.057806,0
94,0.11764705882352944,0.5225593745369408,0.0,0.733333,0.6040148138999939,78.0,0.0843,149.0,1.4223,0.09042,0
95,0.11764705882352944,0.5225593745369408,0.0,0.733333,1.6132786273956299,73.0,0.6272,138.0,2.1335,0.061595,0
96,0.11764705882352944,0.5225593745369408,0.0,0.733333,0.09840992838144302,69.0,0.0972,32.0,1.4223,0.063168,0
97,0.11764705882352944,0.5225593745369408,0.0,0.733333,0.0013617537915706635,64.0,0.4326,177.0,1.0667,0.07958,0
98,0.11764705882352944,0.5225593745369408,0.0,0.733333,0.002071736380457878,58.0,0.0836,125.0,2.1335,0.075602,0
99,0.11764705882352944,0.5225593745369408,0.0,0.8,0.0004040378553327173,55.0,0.3775,127.0,1.4223,0.072101,0
100,0.11764705882352944,0.5225593745369408,0.0,0.666667,0.0009666775586083531,53.0,0.7524,184.0,0.9482,0.085413,0
101,0.11764705882352944,0.5225593745369408,0.0,0.666667,0.0003711488388944417,54.0,0.7271,56.0,1.4223,0.108157,0
102,0.11764705882352944,0.5225593745369408,0.0,0.8,0.0024430686607956886,54.0,0.3276,153.0,1.0667,0.062575,0
103,0.11764705882352944,0.5225593745369408,0.0,0.733333,0.00022539935889653862,58.0,0.6664,109.0,1.4223,0.104271,0
104,0.11764705882352944,0.5225593745369408,0.0,0.8,4.732496745418757e-05,66.0,0.1179,149.0,1.0667,0.267593,0
105,0.11764705882352944,0.5225593745369408,0.0,0.866667,9.715084888739511e-05,64.0,0.4112,159.0,1.4223,0.202483,0
106,0.11764705882352944,0.5225593745369408,0.0,0.733333,0.0038267967756837606,60.0,0.5502,96.0,2.1335,0.067064,0
107,0.11764705882352944,0.5225593745369408,0.0,0.666667,0.0002383901592111215,60.0,0.7369,102.0,1.0667,0.111017,0
108,0.11764705882352944,0.5225593745369408,0.0,0.8,0.00014625910262111574,64.0,0.1139,153.0,1.4223,0.10362,0
109,0.11764705882352944,0.5225593745369408,0.0,0.6,0.006768869701772928,71.0,0.5647,106.0,1.0667,0.056422,0
110,0.11764705882352944,0.5225593745369408,0.0,0.733333,7.235741941258311e-05,75.0,0.0116,159.0,1.4223,0.17842,0
111,0.0,-0.0,0.0,0.8,0.0014142522122710943,79.0,0.0679,0.0,0.0,0.0,0
112,0.17647058823529416,0.8343470230852538,0.0,0.866667,0.005306445062160492,81.0,0.018,78.66666666666667,3.2002,0.049752,0
113,0.11764705882352944,0.5225593745369408,0.0,0.866667,0.16379235684871674,83.0,0.0069,97.0,1.4223,0.07189,0
114,0.11764705882352944,0.5225593745369408,0.0,0.733333,0.002675289288163185,84.0,0.0,81.0,1.4223,0.063718,0
115,0.17647058823529416,0.8343470230852538,0.0,0.733333,0.00017951308109331876,85.0,0.0,152.33333333333334,1.6001,0.176695,0
116,0.11764705882352944,0.5225593745369408,0.0,0.733333,0.00450631370767951,83.0,0.0,60.0,1.4223,0.052187,0
117,0.0,-0.0,0.0,0.8,0.2072359174489975,82.0,0.2492,0.0,0.0,0.0,0
118,0.11764705882352944,0.5225593745369408,0.0,0.8,0.006062688771635294,76.0,0.0755,155.0,1.0667,0.053302,1
119,0.17647058823529416,0.8343470230852538,0.0,0.866667,0.19078116118907928,76.0,0.2247,82.0,2.1335,0.048991,0
120,0.11764705882352944,0.5225593745369408,0.0,0.933333,0.0003477922291494906,77.0,0.3872,154.0,1.0667,0.106648,0
121,0.11764705882352944,0.5225593745369408,0.0,0.8,0.0662061870098114,79.0,0.2066,74.0,2.1335,0.048785,0
122,0.11764705882352944,0.5225593745369408,0.0,0.8,0.21387295424938202,81.0,0.0205,56.0,1.0667,0.044686,0
123,0.11764705882352944,0.5225593745369408,0.0,0.8,1.2194080352783203,79.0,0.5385,94.0,1.0667,0.04748,0
124,0.11764705882352944,0.5225593745369408,0.0,0.8,0.7982110381126404,81.0,0.0054,15.0,0.9482,0.035197,0
125,0.11764705882352944,0.5225593745369408,0.0,0.866667,0.17598585784435272,81.0,0.0912,65.0,1.4223,0.040661,0
126,0.11764705882352944,0.5225593745369408,0.0,0.733333,0.27417534589767456,81.0,0.0,147.0,1.4223,0.053902,0
127,0.11764705882352944,0.5225593745369408,0.0,0.733333,0.3482307493686676,83.0,0.2231,26.0,1.0667,0.03123,0
128,0.11764705882352944,0.5225593745369408,0.0,0.8,1.2594223022460938,81.0,0.1185,142.0,2.1335,0.048065,0
129,0.11764705882352944,0.5225593745369408,0.0,0.733333,0.22108320891857147,80.0,0.0218,10.0,1.2191,0.041649,0
130,0.11764705882352944,0.5225593745369408,0.0,0.8,0.44178348779678345,79.0,0.3192,113.0,1.0667,0.039103,0
131,0.11764705882352944,0.5225593745369408,0.0,0.8,1.963721513748169,77.0,0.3494,74.0,1.4223,0.041712,0
132,0.11764705882352944,0.5225593745369408,0.0,0.8,0.840983510017395,79.0,0.4202,121.0,1.0667,0.04959,0
133,0.11764705882352944,0.5225593745369408,0.0,0.8,0.983591616153717,81.0,0.1445,68.0,1.0667,0.037485,0
134,0.11764705882352944,0.5225593745369408,0.0,0.733333,0.4315791130065918,81.0,0.036,138.0,2.1335,0.052056,0
135,0.11764705882352944,0.5225593745369408,0.0,0.8,0.23441609740257263,83.0,0.0583,80.0,1.0667,0.038875,0
136,0.11764705882352944,0.5225593745369408,0.0,0.666667,0.20121712982654572,83.0,0.0133,99.0,1.0667,0.040093,0
137,0.11764705882352944,0.5225593745369408,0.0,0.733333,0.2212790995836258,83.0,0.1222,29.0,2.1335,0.034768,0
138,0.11764705882352944,0.5225593745369408,0.0,0.8,0.22236429154872894,83.0,0.0,149.0,1.2191,0.041751,0
139,0.17647058823529416,0.8343470230852538,0.0,0.8,1.7374733686447144,80.0,0.1564,88.0,1.4223,0.039225,0
140,0.11764705882352944,0.5225593745369408,0.0,0.933333,0.1063528060913086,80.0,0.0,15.0,2.1335,0.049177,0
141,0.11764705882352944,0.5225593745369408,0.0,0.733333,0.30045652389526367,76.0,0.1124,142.0,2.1335,0.054193,0
142,0.0,-0.0,0.0,0.8,0.09722752124071121,72.0,0.1102,0.0,0.0,0.0,0
143,0.17647058823529416,0.8343470230852538,0.0,0.8,0.530992865562439,63.0,0.2604,55.0,1.6001,0.064249,0
144,0.11764705882352944,0.5225593745369408,0.0,0.866667,0.1804531365633011,46.0,0.4474,94.0,1.4223,0.05618,0
145,0.11764705882352944,0.5225593745369408,0.0,0.866667,0.5156199932098389,40.0,0.52,58.0,2.1335,0.050396,0
146,0.11764705882352944,0.5225593745369408,0.0,0.8,0.6170650124549866,37.0,0.8251,87.0,1.0667,0.059821,0
147,0.0,-0.0,0.0,0.733333,0.7140913009643555,35.0,0.4715,0.0,0.0,0.0,0
148,0.11764705882352944,0.5225593745369408,0.0,0.866667,0.24241551756858826,37.0,0.6688,80.0,2.1335,0.045433,0
149,0.11764705882352944,0.5225593745369408,0.0,0.733333,1.2346556186676025,37.0,0.2424,59.0,1.4223,0.067506,0
150,0.11764705882352944,0.5225593745369408,0.0,0.866667,0.9641007781028748,33.0,0.8783,160.0,0.9482,0.057504,0
151,0.23529411764705888,1.022420703848328,0.0,0.933333,0.2651284337043762,36.0,0.4754,69.5,2.4382,0.057506,0
152,0.11764705882352944,0.5225593745369408,0.0,0.733333,0.4009685218334198,35.0,0.6783,133.0,1.4223,0.075425,0
153,0.11764705882352944,0.5225593745369408,0.0,0.866667,3.47469162940979,34.0,0.4794,86.0,1.0667,0.041232,0
154,0.11764705882352944,0.5225593745369408,0.0,0.866667,1.4815548658370972,32.0,0.8537,126.0,1.0667,0.0554,0
155,0.17647058823529416,0.8343470230852538,0.0,0.8,0.8641921281814575,38.0,0.5631,81.66666666666667,2.1335,0.061749,0
156,0.11764705882352944,0.5225593745369408,0.0,0.933333,0.803640604019165,39.0,0.877,109.0,1.4223,0.100861,0
157,0.11764705882352944,0.5225593745369408,0.0,0.8,0.887175977230072,44.0,0.206,40.0,1.0667,0.041676,0
158,0.11764705882352944,0.5225593745369408,0.0,1.0,1.8884550333023071,47.0,0.5694,134.0,1.0667,0.058436,0
159,0.0,-0.0,0.0,0.933333,0.48313653469085693,51.0,0.2294,0.0,0.0,0.0,0
160,0.11764705882352944,0.5225593745369408,0.0,0.8,0.8066828846931458,55.0,0.5629,108.0,1.0667,0.05643,0
161,0.11764705882352944,0.5225593745369408,0.0,0.866667,0.9078859090805054,58.0,0.3853,42.0,1.0667,0.049608,0
162,0.11764705882352944,0.5225593745369408,0.0,0.933333,0.5634664297103882,64.0,0.3525,46.0,1.0667,0.050663,0
163,0.11764705882352944,0.5225593745369408,0.0,0.866667,1.0548155307769775,72.0,0.5128,103.0,2.1335,0.053721,0
164,0.11764705882352944,0.5225593745369408,0.0,0.8,0.6499894857406616,76.0,0.0187,112.0,1.4223,0.058324,0
165,0.11764705882352944,0.5225593745369408,0.0,0.733333,0.28396302461624146,79.0,0.3003,106.0,1.0667,0.053413,0
166,0.11764705882352944,0.5225593745369408,0.0,0.733333,0.16222527623176575,81.0,0.0069,121.0,1.4223,0.05169,0
167,0.11764705882352944,0.5225593745369408,0.0,0.8,0.7803857326507568,82.0,0.343,107.0,1.0667,0.048474,0
168,0.23529411764705888,1.022420703848328,0.0,0.733333,0.11534097790718079,83.0,0.0,59.0,2.4382,0.05723,0
169,0.11764705882352944,0.5225593745369408,0.0,0.933333,0.15977245569229126,82.0,0.0998,92.0,1.4223,0.060815,0
170,0.11764705882352944,0.5225593745369408,0.0,0.866667,1.0262762308120728,78.0,0.2554,42.0,1.4223,0.045983,0
171,0.11764705882352944,0.5225593745369408,0.0,0.866667,0.9225461483001709,79.0,0.6497,80.0,1.0667,0.044386,0
172,0.11764705882352944,0.5225593745369408,0.0,0.933333,0.25563907623291016,81.0,0.3813,155.0,2.1335,0.05877,0
173,0.11764705882352944,0.5225593745369408,0.0,0.8,0.23230886459350586,82.0,0.243,42.0,1.4223,0.05526,0
174,0.17647058823529416,0.8343470230852538,0.0,0.8,0.6135768294334412,81.0,0.6423,97.0,3.2002,0.04718,0
175,0.11764705882352944,0.5225593745369408,0.0,1.0,0.22228659689426422,81.0,0.1009,96.0,1.4223,0.060331,0
176,0.11764705882352944,0.5225593745369408,0.0,0.866667,0.5830987095832825,79.0,0.5991,98.0,1.0667,0.05407,0
177,0.11764705882352944,0.5225593745369408,0.0,0.733333,0.29345354437828064,77.0,0.0553,96.0,1.4223,0.061037,0
178,0.11764705882352944,0.5225593745369408,0.0,0.733333,0.22941789031028748,73.0,0.4469,85.0,1.4223,0.032808,0
179,0.11764705882352944,0.5225593745369408,0.0,0.866667,0.018226049840450287,70.0,0.012,198.0,2.1335,0.10929,0
180,0.11764705882352944,0.5225593745369408,0.0,0.8,0.03785916045308113,61.0,0.3193,98.0,1.4223,0.062755,0
181,0.11764705882352944,0.5225593745369408,0.0,0.8,0.5023566484451294,58.0,0.4006,42.0,1.4223,0.077721,0
182,0.11764705882352944,0.5225593745369408,0.0,0.8,0.19153916835784912,66.0,0.0402,97.0,1.0667,0.060184,0
183,0.11764705882352944,0.5225593745369408,0.0,0.866667,0.0052507114596664906,69.0,0.209,59.0,1.4223,0.080193,0
184,0.11764705882352944,0.5225593745369408,0.0,0.866667,0.2640729546546936,73.0,0.3257,56.0,2.1335,0.058273,0
185,0.0,-0.0,0.0,0.733333,0.09991148114204407,77.0,0.006,0.0,0.0,0.0,0
186,0.11764705882352944,0.5225593745369408,0.0,0.8,1.1403886079788208,80.0,0.1477,94.0,1.4223,0.041772,0
187,0.11764705882352944,0.5225593745369408,0.0,0.8,0.06456170976161957,81.0,0.022,22.0,2.1335,0.041691,0
188,0.11764705882352944,0.5225593745369408,0.0,0.933333,1.4292759895324707,81.0,0.2485,65.0,1.0667,0.032765,0
189,0.11764705882352944,0.5225593745369408,0.0,0.866667,0.7895856499671936,81.0,0.0192,154.0,1.0667,0.102948,0
190,0.11764705882352944,0.5225593745369408,0.0,0.8,0.3439415693283081,73.0,0.4333,138.0,1.0667,0.043853,0
191,0.11764705882352944,0.5225593745369408,0.0,0.933333,0.4096381664276123,58.0,0.2613,110.0,1.4223,0.047583,0
192,0.11764705882352944,0.5225593745369408,0.0,0.8,0.7264156341552734,50.0,0.6926,77.0,2.1335,0.04514,0
193,0.11764705882352944,0.5225593745369408,0.0,0.866667,0.31611743569374084,45.0,0.1316,92.0,1.4223,0.055591,0
194,0.11764705882352944,0.5225593745369408,0.0,0.866667,0.36223670840263367,44.0,0.5466,59.0,1.4223,0.056346,0
195,0.11764705882352944,0.5225593745369408,0.0,0.866667,0.5293031334877014,53.0,0.1603,15.0,2.1335,0.04075,0
196,0.11764705882352944,0.5225593745369408,0.0,0.933333,0.1659739464521408,62.0,0.4287,23.0,1.0667,0.050233,0
197,0.11764705882352944,0.5225593745369408,0.0,0.866667,0.8120534420013428,69.0,0.0096,158.0,1.0667,0.059886,0
198,0.11764705882352944,0.5225593745369408,0.0,0.866667,0.2710159420967102,70.0,0.2483,121.0,2.1335,0.045599,0
199,0.11764705882352944,0.5225593745369408,0.0,0.866667,0.27474120259284973,75.0,0.4123,81.0,1.0667,0.043478,0
200,0.17647058823529416,0.8343470230852538,0.0,0.933333,0.6468183398246765,78.0,0.006,74.66666666666667,3.2002,0.059056,0
201,0.11764705882352944,0.5225593745369408,0.0,0.933333,0.571901798248291,81.0,0.0901,36.0,1.0667,0.053001,0
202,0.11764705882352944,0.5225593745369408,0.0,0.8,0.4867517352104187,83.0,0.0,55.0,1.0667,0.055606,0
203,0.11764705882352944,0.5225593745369408,0.0,0.933333,0.16429995000362396,83.0,0.0,99.0,2.1335,0.046162,0
204,0.17647058823529416,0.8343470230852537,0.0,0.933333,0.15790022909641266,83.0,0.2004,71.33333333333333,2.1335,0.050908,0
205,0.11764705882352944,0.5225593745369408,0.0,0.933333,0.5720224976539612,82.0,0.0,126.0,0.9482,0.056078,0
206,0.11764705882352944,0.5225593745369408,0.0,0.8,0.21703428030014038,80.0,0.0563,174.0,1.0667,0.033633,0
207,0.17647058823529416,0.8343470230852538,0.0,0.933333,0.24642735719680786,79.0,0.0604,120.66666666666669,1.6001,0.067501,0
208,0.11764705882352944,0.5225593745369408,0.0,0.866667,0.32963550090789795,82.0,0.0927,32.0,1.0667,0.045616,0
209,0.11764705882352944,0.5225593745369408,0.0,0.866667,0.19296930730342865,83.0,0.0377,81.0,1.0667,0.04586,0
210,0.11764705882352944,0.5225593745369408,0.0,0.733333,0.32687559723854065,82.0,0.0434,61.0,0.9482,0.054118,0
211,0.11764705882352944,0.5225593745369408,0.0,0.733333,0.2016528695821762,80.0,0.0,98.0,2.1335,0.064679,0
212,0.23529411764705888,1.022420703848328,0.0,0.866667,0.09896281361579895,80.0,0.0,48.0,2.8446,0.054915,0
213,0.11764705882352944,0.5225593745369408,0.0,0.866667,0.736293613910675,77.0,0.3647,77.0,1.0667,0.045489,0
214,0.11764705882352944,0.5225593745369408,0.0,0.8,0.05335165932774544,76.0,0.2604,110.0,1.0667,0.049,0
215,0.11764705882352944,0.5225593745369408,0.0,0.8,0.16461224853992462,73.0,0.5925,40.0,1.0667,0.047138,0
216,0.11764705882352944,0.5225593745369408,0.0,0.866667,0.9061477184295654,71.0,0.0,148.0,0.9482,0.051351,0
217,0.11764705882352944,0.5225593745369408,0.0,0.933333,0.6131670475006104,72.0,0.0,153.0,1.0667,0.079108,0
218,0.11764705882352944,0.5225593745369408,0.0,0.866667,0.9890159368515015,65.0,0.3899,86.0,1.0667,0.05996,0
219,0.0,-0.0,0.0,0.866667,0.25097787380218506,62.0,0.2068,0.0,0.0,0.0,0
220,0.11764705882352944,0.5225593745369408,0.0,0.933333,0.42108339071273804,62.0,0.017,89.0,1.2191,0.055068,0
221,0.11764705882352944,0.5225593745369408,0.0,0.866667,0.42009782791137695,54.0,0.3325,42.0,1.4223,0.057714,0
222,0.11764705882352944,0.5225593745369408,0.0,1.0,0.36817535758018494,59.0,0.048,92.0,2.1335,0.067606,0
223,0.0,-0.0,0.0,0.866667,0.4777602553367615,51.0,0.1207,0.0,0.0,0.0,0
224,0.11764705882352944,0.5225593745369408,0.0,0.8,0.787987470626831,54.0,0.0462,115.0,0.9482,0.04406,0
225,0.11764705882352944,0.5225593745369408,0.0,0.933333,0.965362548828125,53.0,0.1125,115.0,1.0667,0.045053,0
226,0.23529411764705888,1.1400677626718572,0.0,0.733333,0.3933917284011841,47.0,0.2406,96.25,2.8446,0.062067,0
227,0.11764705882352944,0.5225593745369408,0.0,0.933333,0.30057957768440247,41.0,0.3703,80.0,1.4223,0.050264,0
228,0.11764705882352944,0.5225593745369408,0.0,0.8,0.3840865194797516,40.0,0.5818,106.0,1.4223,0.056504,0
229,0.23529411764705888,1.022420703848328,0.0,0.866667,0.9952329397201538,40.0,0.7247,85.5,2.1335,0.043105,0
230,0.11764705882352944,0.5225593745369408,0.0,0.866667,0.4121477007865906,37.0,0.4452,58.0,1.4223,0.058097,0
231,0.11764705882352944,0.5225593745369408,0.0,0.8,0.6399343609809875,39.0,0.7736,138.0,1.4223,0.07513,0
232,0.11764705882352944,0.5225593745369408,0.0,0.866667,0.3788720667362213,41.0,0.3172,69.0,1.4223,0.060391,0
233,0.11764705882352944,0.5225593745369408,0.0,0.866667,0.6100801229476929,45.0,0.2584,93.0,1.4223,0.047282,0
234,0.11764705882352944,0.5225593745369408,0.0,0.866667,0.6523468494415283,48.0,0.5645,100.0,1.0667,0.049133,0
235,0.11764705882352944,0.5225593745369408,0.0,0.8,0.34900233149528503,56.0,0.1773,110.0,0.9482,0.052409,0
236,0.11764705882352944,0.5225593745369408,0.0,0.933333,0.3682462275028229,52.0,0.4762,23.0,1.0667,0.041667,0
237,0.11764705882352944,0.5225593745369408,0.0,0.866667,0.2842457592487335,54.0,0.5902,111.0,1.0667,0.065822,0
238,0.11764705882352944,0.5225593745369408,0.0,0.866667,0.23527762293815613,61.0,0.1526,32.0,1.0667,0.041718,0
239,0.11764705882352944,0.5225593745369408,0.0,0.866667,0.09928550571203232,64.0,0.6497,107.0,1.0667,0.054888,0
240,0.11764705882352944,0.5225593745369408,0.0,0.8,0.3296397030353546,62.0,0.5711,106.0,1.4223,0.058034,0
241,0.11764705882352944,0.5225593745369408,0.0,0.8,0.07707277685403824,61.0,0.0901,102.0,2.1335,0.055362,0
242,0.11764705882352944,0.5225593745369408,0.0,0.866667,1.1636408567428589,71.0,0.1132,96.0,1.4223,0.066869,0
243,0.11764705882352944,0.5225593745369408,0.0,0.733333,0.22074954211711884,77.0,0.4485,65.0,1.0667,0.049716,0
244,0.11764705882352944,0.5225593745369408,0.0,0.8,0.09876789897680283,78.0,0.061,50.0,1.0667,0.052443,0
245,0.11764705882352944,0.5225593745369408,0.0,0.866667,0.33566322922706604,76.0,0.382,97.0,1.0667,0.052318,0
246,0.11764705882352944,0.5225593745369408,0.0,0.733333,0.27333155274391174,67.0,0.4782,152.0,1.0667,0.059662,0
247,0.11764705882352944,0.5225593745369408,0.0,0.866667,0.15464814007282257,57.0,0.2226,96.0,1.4223,0.055087,0
248,0.11764705882352944,0.5225593745369408,0.0,0.8,1.3508635759353638,57.0,0.7237,98.0,1.0667,0.051585,0
249,0.11764705882352944,0.5225593745369408,0.0,0.8,0.3874351680278778,51.0,0.4951,99.0,1.4223,0.055762,0
250,0.11764705882352944,0.5225593745369408,0.0,0.8,0.5696368217468262,57.0,0.5412,53.0,1.0667,0.047825,0
251,0.11764705882352944,0.5225593745369408,0.0,0.866667,1.1222515106201172,66.0,0.5989,54.0,2.1335,0.045269,0
252,0.11764705882352944,0.5225593745369408,0.0,1.0,1.071831464767456,76.0,0.0238,87.0,1.0667,0.049142,0
253,0.11764705882352944,0.5225593745369408,0.0,0.8,0.5603041052818298,78.0,0.3853,58.0,1.4223,0.054554,0
254,0.0,-0.0,0.0,0.8,0.2304898351430893,80.0,0.1298,0.0,0.0,0.0,0
255,0.11764705882352944,0.5225593745369408,0.0,0.8,0.1458708941936493,79.0,0.3324,84.0,1.4223,0.051112,0
256,0.11764705882352944,0.5225593745369408,0.0,0.8,0.11186272650957108,77.0,0.0989,69.0,1.4223,0.055286,0
257,0.11764705882352944,0.5225593745369408,0.0,0.866667,0.296526163816452,69.0,0.3419,96.0,2.1335,0.053999,0
258,0.11764705882352944,0.5225593745369408,0.0,0.8,0.007932824082672596,71.0,0.2211,138.0,1.4223,0.076294,0
259,0.11764705882352944,0.5225593745369408,0.0,0.666667,0.09169238060712814,77.0,0.0147,99.0,2.1335,0.05047,0
260,0.11764705882352944,0.5225593745369408,0.0,0.733333,0.35555681586265564,75.0,0.1934,87.0,1.0667,0.054925,0
261,0.11764705882352944,0.5225593745369408,0.0,0.733333,0.04563051462173462,77.0,0.0054,107.0,1.0667,0.054867,0
262,0.11764705882352944,0.5225593745369408,0.0,0.8,0.48038989305496216,75.0,0.0885,138.0,1.4223,0.068915,0
263,0.11764705882352944,0.5225593745369408,0.0,0.866667,0.12939783930778503,73.0,0.3007,107.0,1.4223,0.05083,0
264,0.11764705882352944,0.5225593745369408,0.0,0.733333,0.1068720817565918,75.0,0.0,64.0,1.4223,0.049869,0
265,0.11764705882352944,0.5225593745369408,0.0,0.733333,0.14849376678466797,74.0,0.2317,40.0,1.0667,0.038239,0
266,0.11764705882352944,0.5225593745369408,0.0,0.8,0.46196186542510986,72.0,0.1053,81.0,1.4223,0.042824,0
267,0.11764705882352944,0.5225593745369408,0.0,0.8,0.02580242231488228,71.0,0.0655,126.0,1.4223,0.054465,0
268,0.11764705882352944,0.5225593745369408,0.0,0.733333,0.12803024053573608,72.0,0.0327,138.0,2.1335,0.061836,0
269,0.0,-0.0,0.0,0.6,0.3392638564109802,62.0,0.7505,0.0,0.0,0.0,0
270,0.11764705882352944,0.5225593745369408,0.0,0.866667,0.010260217823088169,62.0,0.4241,127.0,1.4223,0.045865,0
271,0.11764705882352944,0.5225593745369408,0.0,0.8,1.2855682373046875,72.0,0.108,60.0,1.4223,0.052589,0
272,0.11764705882352944,0.5225593745369408,0.0,0.8,0.10171771794557571,71.0,0.1682,102.0,2.1335,0.055154,0
273,0.11764705882352944,0.5225593745369408,0.0,0.733333,0.2776696979999542,69.0,0.3869,138.0,1.0667,0.049453,0
274,0.11764705882352944,0.5225593745369408,0.0,0.866667,1.0494589805603027,77.0,0.0083,99.0,1.4223,0.047937,0
275,0.11764705882352944,0.5225593745369408,0.0,0.8,0.23816318809986115,75.0,0.1244,80.0,1.0667,0.040175,0
276,0.11764705882352944,0.5225593745369408,0.0,0.8,0.6821021437644958,72.0,0.1473,127.0,0.9482,0.068643,0
277,0.11764705882352944,0.5225593745369408,0.0,0.933333,0.3777494728565216,68.0,0.1361,81.0,1.0667,0.039265,0
278,0.11764705882352944,0.5225593745369408,0.0,0.866667,0.3075996935367584,68.0,0.5651,138.0,1.4223,0.069739,0
279,0.17647058823529416,0.8343470230852538,0.0,0.933333,0.4454646110534668,67.0,0.6491,79.66666666666667,2.1335,0.04338,0
280,0.11764705882352944,0.5225593745369408,0.0,0.866667,0.6665544509887695,77.0,0.2123,202.0,1.0667,0.075936,0
281,0.11764705882352944,0.5225593745369408,0.0,0.866667,0.5655841827392578,75.0,0.0,125.0,1.4223,0.044117,0
282,0.11764705882352944,0.5225593745369408,0.0,0.733333,0.7322390079498291,77.0,0.1537,102.0,2.1335,0.044103,0
283,0.11764705882352944,0.5225593745369408,0.0,0.8,0.08401408791542053,72.0,0.006,107.0,2.1335,0.05359,0
284,0.17647058823529416,0.8343470230852538,0.0,0.6,0.09041423350572586,63.0,0.3469,141.66666666666666,3.2002,0.046464,0
285,0.11764705882352944,0.5225593745369408,0.0,0.933333,0.1053234413266182,63.0,0.1247,65.0,2.1335,0.035923,0
286,0.11764705882352944,0.5225593745369408,0.0,0.8,0.007247466593980789,64.0,0.1854,127.0,1.4223,0.05853,0
287,0.11764705882352944,0.5225593745369408,0.0,0.733333,0.03611619025468826,67.0,0.291,99.0,1.0667,0.047899,0
288,0.11764705882352944,0.5225593745369408,0.0,0.933333,0.09900934994220734,77.0,0.0,102.0,2.1335,0.046311,0
289,0.11764705882352944,0.5225593745369408,0.0,0.8,0.06738904863595963,76.0,0.4014,107.0,1.0667,0.053628,0
290,0.11764705882352944,0.5225593745369408,0.0,0.666667,0.5454616546630859,80.0,0.0145,202.0,1.0667,0.065331,0
291,0.11764705882352944,0.5225593745369408,0.0,0.8,0.005197702441364527,77.0,0.393,125.0,2.1335,0.054407,0
292,0.11764705882352944,0.5225593745369408,0.0,0.866667,0.22721534967422485,78.0,0.012,32.0,2.1335,0.04745,0
293,0.17647058823529416,0.8343470230852538,0.0,0.8,0.20337975025177002,77.0,0.3438,114.66666666666669,1.6001,0.045596,0
294,0.11764705882352944,0.5225593745369408,0.0,0.933333,0.30953249335289,72.0,0.0,36.0,0.9482,0.037964,0
295,0.11764705882352944,0.5225593745369408,0.0,0.933333,0.04038836061954498,64.0,0.4332,65.0,1.0667,0.057019,0
296,0.11764705882352944,0.5225593745369408,0.0,0.8,0.03331582993268967,53.0,0.7589,107.0,1.0667,0.072278,0
297,0.11764705882352944,0.5225593745369408,0.0,0.8,0.02523057349026203,55.0,0.0173,198.0,2.1335,0.07719,0
298,0.11764705882352944,0.5225593745369408,0.0,0.733333,0.2618931531906128,49.0,0.6258,71.0,2.1335,0.043876,0
299,0.11764705882352944,0.5225593745369408,0.0,0.733333,0.012685793451964855,49.0,0.1176,96.0,2.1335,0.060675,0
300,0.11764705882352944,0.5225593745369408,0.0,0.866667,0.06715443730354309,46.0,0.6515,106.0,1.0667,0.041978,0
301,0.11764705882352944,0.5225593745369408,0.0,0.8,0.002583739347755909,44.0,0.0116,153.0,1.4223,0.06035,0
302,0.11764705882352944,0.5225593745369408,0.0,0.866667,1.0711395740509033,46.0,0.0439,69.0,1.4223,0.038934,1
303,0.17647058823529416,0.8343470230852538,0.0,0.866667,0.04193678870797157,43.0,0.0,122.66666666666669,3.2002,0.048814,0
304,0.11764705882352944,0.5225593745369408,0.0,0.933333,0.011280096136033535,48.0,0.1905,92.0,1.0667,0.038189,0
305,0.11764705882352944,0.5225593745369408,0.0,0.8,0.1586320847272873,45.0,0.1153,121.0,2.1335,0.040505,0
306,0.11764705882352944,0.5225593745369408,0.0,0.866667,0.11837837845087051,44.0,0.336,5.0,2.1335,0.031743,0
307,0.11764705882352944,0.5225593745369408,0.0,0.866667,0.00013648532330989838,54.0,0.0064,169.0,1.0667,0.144475,1
308,0.11764705882352944,0.5225593745369408,0.0,0.8,0.0938529446721077,46.0,0.4392,58.0,1.4223,0.040863,0
309,0.11764705882352944,0.5225593745369408,0.0,0.8,0.8710783123970032,50.0,0.0083,107.0,1.4223,0.041675,1
310,0.17647058823529416,0.8343470230852538,0.0,0.733333,1.478021502494812,55.0,0.4267,71.66666666666667,2.1335,0.041597,1
311,0.11764705882352944,0.5225593745369408,0.0,0.866667,0.4361112117767334,62.0,0.0324,22.0,1.0667,0.044547,1
312,0.11764705882352944,0.5225593745369408,0.0,0.866667,0.1492283195257187,61.0,0.4531,47.0,1.4223,0.053504,0
313,0.11764705882352944,0.5225593745369408,0.0,0.8,0.1828543245792389,60.0,0.1649,153.0,1.0667,0.074718,0
314,0.0,-0.0,0.0,0.666667,0.16628047823905945,58.0,0.4109,0.0,0.0,0.0,0
315,0.11764705882352944,0.5225593745369408,0.0,0.8,0.3665020763874054,59.0,0.4533,97.0,1.0667,0.063458,1
316,0.17647058823529416,0.8343470230852538,0.0,0.8,0.2805159091949463,53.0,0.3235,69.0,1.8287,0.046777,0
317,0.11764705882352944,0.5225593745369408,0.0,0.933333,0.39904356002807617,48.0,0.6412,68.0,1.4223,0.064829,0
318,0.11764705882352944,0.5225593745369408,0.0,0.8,0.2424425482749939,45.0,0.3018,107.0,1.4223,0.042744,0
319,0.11764705882352944,0.5225593745369408,0.0,0.733333,0.5369820594787598,43.0,0.7093,121.0,1.0667,0.042525,0
320,0.11764705882352944,0.5225593745369408,0.0,0.8,0.49399498105049133,41.0,0.2533,42.0,1.4223,0.037658,0
321,0.17647058823529416,0.8343470230852538,0.0,0.8,2.144777297973633,39.0,0.3764,34.666666666666664,3.2002,0.040851,0
322,0.17647058823529416,0.8343470230852538,0.0,0.933333,0.21199488639831543,41.0,0.6582,84.33333333333333,1.6001,0.040562,0
323,0.0,-0.0,0.0,0.933333,0.0059261806309223175,48.0,0.3637,0.0,0.0,0.0,0
324,0.0,-0.0,0.0,0.866667,0.06232621148228645,56.0,0.0873,0.0,0.0,0.0,0
325,0.11764705882352944,0.5225593745369408,0.0,0.866667,0.05603332072496414,61.0,0.1249,152.0,1.4223,0.044335,0
326,0.11764705882352944,0.5225593745369408,0.0,0.733333,1.8446600437164307,62.0,0.099,59.0,1.4223,0.052964,0
327,0.11764705882352944,0.5225593745369408,0.0,0.733333,0.21842271089553833,66.0,0.0278,68.0,1.4223,0.058153,0
328,0.11764705882352944,0.5225593745369408,0.0,0.866667,0.003220373997464776,67.0,0.1393,170.0,1.0667,0.097707,0
329,0.23529411764705888,1.022420703848328,0.0,0.933333,0.06988465040922165,66.0,0.0,103.0,2.8446,0.057168,1
330,0.11764705882352944,0.5225593745369408,0.0,0.933333,0.22284558415412903,66.0,0.2521,96.0,1.0667,0.047139,1
331,0.11764705882352944,0.5225593745369408,0.0,0.866667,0.002432128181681037,59.0,0.0698,110.0,1.0667,0.055416,1
332,0.11764705882352944,0.5225593745369408,0.0,0.933333,0.8970742225646973,55.0,0.3681,60.0,1.4223,0.048949,1
333,0.11764705882352944,0.5225593745369408,0.0,0.866667,0.004597213119268417,47.0,0.4878,87.0,1.4223,0.064467,1
334,0.11764705882352944,0.5225593745369408,0.0,0.866667,0.0920124277472496,43.0,0.0452,81.0,1.4223,0.041451,0
335,0.11764705882352944,0.5225593745369408,0.0,0.866667,0.15125878155231476,39.0,0.6126,126.0,1.0667,0.0501,1
336,0.11764705882352944,0.5225593745369408,0.0,0.866667,0.7108869552612305,40.0,0.1277,109.0,1.4223,0.056807,0
337,0.11764705882352944,0.5225593745369408,0.0,0.933333,0.0656355544924736,42.0,0.2607,108.0,1.4223,0.044887,0
338,0.11764705882352944,0.5225593745369408,0.0,0.8,0.00011789103882620111,53.0,0.0072,196.0,1.0667,0.129426,0
339,0.11764705882352944,0.5225593745369408,0.0,0.866667,1.856199026107788,55.0,0.2009,53.0,1.0667,0.011233,1
340,0.11764705882352944,0.5225593745369408,0.0,0.866667,0.023147257044911385,62.0,0.0,69.0,1.4223,0.053521,0
341,0.11764705882352944,0.5225593745369408,0.0,0.933333,0.03678688034415245,62.0,0.1139,98.0,1.4223,0.066883,0
342,0.11764705882352944,0.5225593745369408,0.0,0.866667,1.2736310958862305,65.0,0.0998,58.0,1.4223,0.051344,0
343,0.11764705882352944,0.5225593745369408,0.0,0.8,0.39476972818374634,65.0,0.3121,76.0,1.0667,0.042569,0
344,0.11764705882352944,0.5225593745369408,0.0,0.8,0.6727347373962402,65.0,0.0361,21.0,0.9482,0.03706,0
345,0.11764705882352944,0.5225593745369408,0.0,0.733333,0.21997405588626862,65.0,0.0,60.0,1.4223,0.045862,0
346,0.11764705882352944,0.5225593745369408,0.0,0.866667,1.275804042816162,64.0,0.3785,96.0,1.4223,0.043497,0
347,0.11764705882352944,0.5225593745369408,0.0,0.933333,0.08130233734846115,60.0,0.291,172.0,1.0667,0.075731,0
348,0.11764705882352944,0.5225593745369408,0.0,0.933333,1.823637843132019,64.0,0.3863,10.0,0.9482,0.028559,0
349,0.11764705882352944,0.5225593745369408,0.0,0.866667,0.9697496891021729,56.0,0.7643,42.0,1.0667,0.045922,0
350,0.11764705882352944,0.5225593745369408,0.0,0.933333,1.1758358478546143,42.0,0.4927,58.0,1.4223,0.037466,0
351,0.11764705882352944,0.5225593745369408,0.0,0.8,0.0692346915602684,45.0,0.2836,153.0,2.1335,0.04282,0
352,0.11764705882352944,0.5225593745369408,0.0,0.733333,0.01778453402221203,44.5,0.4086,38.0,1.4223,0.045826,0
353,0.11764705882352944,0.5225593745369408,0.0,0.866667,0.052725017070770264,46.5,0.5761,68.0,1.4223,0.060749,0
354,0.11764705882352944,0.5225593745369408,0.0,0.733333,0.4492485523223877,45.5,0.2907,29.0,1.4223,0.008906,0
355,0.11764705882352944,0.5225593745369408,0.0,0.8,0.00557309202849865,42.5,0.4453,59.0,1.4223,0.060771,0
356,0.11764705882352944,0.5225593745369408,0.0,0.866667,0.011771383695304394,42.5,0.667,54.0,2.1335,0.039991,0
357,0.11764705882352944,0.5225593745369408,0.0,0.8,0.062197618186473846,42.5,0.1733,145.0,2.1335,0.04298,0
358,0.11764705882352944,0.5225593745369408,0.0,0.666667,0.04828738421201706,41.0,0.388,89.0,1.2191,0.034042,0
359,0.11764705882352944,0.5225593745369408,0.0,0.866667,0.2674494981765747,40.0,0.2738,65.0,1.4223,0.030866,0
360,0.11764705882352944,0.5225593745369408,0.0,0.8,1.0007243156433105,40.0,0.6022,111.0,1.4223,0.035501,0
361,0.11764705882352944,0.5225593745369408,0.0,0.8,1.0023696422576904,40.5,0.2934,46.0,1.0667,0.028219,0
362,0.11764705882352944,0.5225593745369408,0.0,0.733333,0.09897555410861969,44.0,0.1291,103.0,1.4223,0.043031,1
363,0.11764705882352944,0.5225593745369408,0.0,0.8,0.41131797432899475,44.5,0.2809,21.0,1.4223,0.037766,0
364,0.11764705882352944,0.5225593745369408,0.0,0.866667,0.22633612155914307,44.0,0.0,10.0,1.2191,0.035636,1
365,0.11764705882352944,0.5225593745369408,0.0,0.866667,0.23383468389511108,42.5,0.4293,92.0,1.4223,0.056524,0
366,0.0,-0.0,0.0,0.933333,2.9476542472839355,42.0,0.4225,0.0,0.0,0.0,1
367,0.11764705882352944,0.5225593745369408,0.0,0.866667,0.20487990975379944,41.0,0.5184,145.0,2.1335,0.047665,0
368,0.11764705882352944,0.5225593745369408,0.0,0.733333,0.35167789459228516,43.0,0.2434,85.0,1.4223,0.040428,1
369,0.11764705882352944,0.5225593745369408,0.0,0.8,0.9727510213851929,44.5,0.7216,93.0,1.0667,0.046444,0
370,0.11764705882352944,0.5225593745369408,0.0,0.866667,0.4453096091747284,47.0,0.6508,91.0,1.0667,0.048517,1
371,0.11764705882352944,0.5225593745369408,0.0,0.866667,0.24101628363132477,49.0,0.1306,155.0,2.1335,0.039325,0
372,0.11764705882352944,0.5225593745369408,0.0,0.933333,0.018452178686857224,53.5,0.5207,127.0,1.0667,0.065884,0
373,0.11764705882352944,0.5225593745369408,0.0,0.866667,0.6105403304100037,55.5,0.0917,160.0,0.9482,0.040021,0
374,0.11764705882352944,0.5225593745369408,0.0,0.866667,0.520012617111206,56.0,0.3723,135.0,0.9482,0.044974,0
375,0.11764705882352944,0.5225593745369408,0.0,0.733333,0.07396001368761063,58.0,0.0,36.0,2.1335,0.055146,0
376,0.11764705882352944,0.5225593745369408,0.0,0.866667,0.040140341967344284,57.0,0.2727,134.0,1.0667,0.050958,0
377,0.11764705882352944,0.5225593745369408,0.0,0.8,0.031081756576895714,57.5,0.03,32.0,2.1335,0.045507,0
378,0.11764705882352944,0.5225593745369408,0.0,0.8,0.01837259531021118,56.5,0.3061,168.0,1.0667,0.052286,0
379,0.11764705882352944,0.5225593745369408,0.0,0.866667,0.004558528773486614,53.5,0.3729,42.0,1.4223,0.062194,0
380,0.11764705882352944,0.5225593745369408,0.0,0.866667,0.0007601470570079982,54.0,0.2251,27.0,1.4223,0.04459,0
381,0.11764705882352944,0.5225593745369408,0.0,0.666667,0.05014171823859215,55.0,0.7874,153.0,1.0667,0.064867,0
382,0.11764705882352944,0.5225593745369408,0.0,0.6,0.012661898508667946,57.5,0.5478,98.0,1.4223,0.045195,0
383,0.11764705882352944,0.5225593745369408,0.0,0.933333,0.029529724270105362,60.0,0.5278,101.0,1.0667,0.045344,0
384,0.11764705882352944,0.5225593745369408,0.0,0.866667,0.14540550112724304,62.5,0.0,121.0,2.1335,0.036594,0
385,0.11764705882352944,0.5225593745369408,0.0,0.866667,0.09038449823856354,65.5,0.2232,33.0,1.0667,0.036614,0
386,0.11764705882352944,0.5225593745369408,0.0,0.933333,0.08458594232797623,66.0,0.0307,89.0,1.2191,0.046741,0
387,0.11764705882352944,0.5225593745369408,0.0,0.8,0.11218245327472687,66.0,0.0339,84.0,1.4223,0.052005,0
388,0.11764705882352944,0.5225593745369408,0.0,0.666667,0.08188904076814651,64.5,0.0,94.0,1.2191,0.049045,0
389,0.11764705882352944,0.5225593745369408,0.0,0.866667,0.14078307151794434,62.0,0.094,184.0,1.4223,0.057351,1
390,0.11764705882352944,0.5225593745369408,0.0,0.8,0.4033113718032837,61.0,0.3879,84.0,1.4223,0.066698,0
391,0.11764705882352944,0.5225593745369408,0.0,0.8,0.00761629082262516,56.0,0.5714,125.0,1.4223,0.082596,1
392,0.17647058823529416,0.8343470230852538,0.0,0.933333,0.12363489717245102,52.0,0.8551,68.33333333333333,1.6001,0.048481,0
393,0.11764705882352944,0.5225593745369408,0.0,0.8,0.06577687710523605,57.5,0.4809,127.0,1.0667,0.052417,1
394,0.11764705882352944,0.5225593745369408,0.0,0.733333,0.12731458246707916,64.5,0.446,121.0,1.0667,0.043495,1
395,0.11764705882352944,0.5225593745369408,0.0,0.666667,0.033201903104782104,64.5,0.2146,89.0,1.2191,0.044414,0
396,0.11764705882352944,0.5225593745369408,0.0,0.866667,0.10594393312931061,66.5,0.3092,89.0,1.4223,0.051887,0
397,0.11764705882352944,0.5225593745369408,0.0,0.733333,0.027174757793545723,64.5,0.3224,98.0,1.0667,0.046296,0
398,0.11764705882352944,0.5225593745369408,0.0,0.866667,0.5609973669052124,64.5,0.4011,32.0,1.0667,0.028394,0
399,0.11764705882352944,0.5225593745369408,0.0,0.866667,0.0007863528444431722,61.5,0.2912,148.0,0.9482,0.079439,0
400,0.11764705882352944,0.5225593745369408,0.0,0.733333,0.029544886201620102,61.0,0.0,100.0,1.0667,0.03913,0
401,0.11764705882352944,0.5225593745369408,0.0,0.866667,0.22208669781684875,55.0,0.2176,54.0,2.1335,0.044183,0
402,0.11764705882352944,0.5225593745369408,0.0,0.666667,0.21662411093711853,50.0,0.0796,99.0,2.1335,0.03856,0
403,0.17647058823529416,0.8343470230852538,0.0,0.8,0.003119960892945528,44.0,0.0,75.66666666666667,2.1335,0.05836,0
404,0.11764705882352944,0.5225593745369408,0.0,0.666667,0.056472014635801315,43.0,0.1073,124.0,2.1335,0.078774,0
405,0.17647058823529416,0.8343470230852538,0.0,0.933333,0.17924106121063232,48.0,0.4264,77.0,2.1335,0.035086,0
406,0.11764705882352944,0.5225593745369408,0.0,0.933333,0.13293763995170593,47.0,0.2575,135.0,1.2191,0.048706,0
407,0.11764705882352944,0.5225593745369408,0.0,0.866667,0.10727114975452423,47.0,0.0,60.0,1.4223,0.043464,0
408,0.11764705882352944,0.5225593745369408,0.0,0.866667,0.03754954785108566,50.0,0.0,26.0,1.0667,0.023922,0
409,0.11764705882352944,0.5225593745369408,0.0,0.733333,0.06996212899684906,53.0,0.0094,112.0,1.4223,0.05083,0
410,0.11764705882352944,0.5225593745369408,0.0,0.866667,0.31541314721107483,54.0,0.0252,28.0,1.0667,0.033023,0
411,0.11764705882352944,0.5225593745369408,0.0,0.8,0.198164701461792,53.0,0.0,107.0,1.0667,0.03783,0
412,0.11764705882352944,0.5225593745369408,0.0,0.8,0.12065888941287994,55.0,0.0187,64.0,1.4223,0.04674,0
413,0.11764705882352944,0.5225593745369408,0.0,0.866667,0.00926823541522026,53.0,0.0,92.0,1.4223,0.075667,0
414,0.11764705882352944,0.5225593745369408,0.0,0.866667,0.11619836091995239,56.0,0.0,109.0,1.4223,0.052331,0
415,0.11764705882352944,0.5225593745369408,0.0,0.866667,0.011926415376365185,54.0,0.0,96.0,2.1335,0.062422,0
416,0.11764705882352944,0.5225593745369408,0.0,0.8,0.0017034795600920916,53.0,0.0,59.0,1.4223,0.046129,0
417,0.0,-0.0,0.0,0.8,0.004048604518175125,53.0,0.0,0.0,0.0,0.0,0
418,0.17647058823529416,0.8343470230852538,0.0,0.8,0.037208832800388336,53.0,0.0,82.0,1.6001,0.033168,0
419,0.11764705882352944,0.5225593745369408,0.0,0.933333,0.00271428469568491,51.0,0.2032,96.0,2.1335,0.069268,0
420,0.11764705882352944,0.5225593745369408,0.0,0.866667,0.13260799646377563,49.0,0.0,28.0,0.9482,0.03711,0
421,0.11764705882352944,0.5225593745369408,0.0,0.866667,0.025366678833961487,50.0,0.0,60.0,1.4223,0.050287,0
422,0.11764705882352944,0.5225593745369408,0.0,0.866667,0.20431292057037354,48.0,0.0833,124.0,1.4223,0.051597,0
423,0.11764705882352944,0.5225593745369408,0.0,0.8,0.0033593906555324793,45.0,0.2403,32.0,2.1335,0.046116,0
424,0.0,-0.0,0.0,0.666667,0.0009232072625309229,43.0,0.0,0.0,0.0,0.0,0
425,0.11764705882352944,0.5225593745369408,0.0,0.733333,0.002836254658177495,43.0,0.0,94.0,1.0667,0.062611,0
426,0.11764705882352944,0.5225593745369408,0.0,0.666667,0.1499987691640854,39.0,0.308,58.0,1.4223,0.038269,0
427,0.11764705882352944,0.5225593745369408,0.0,0.8,0.0011062461417168379,39.0,0.1643,96.0,1.4223,0.053344,0
428,0.11764705882352944,0.5225593745369408,0.0,0.866667,0.00015186110977083445,40.0,0.2787,174.0,0.9482,0.064508,0
429,0.11764705882352944,0.5225593745369408,0.0,0.933333,0.0006588910473510623,39.0,0.5935,65.0,1.0667,0.056034,0
430,0.11764705882352944,0.5225593745369408,0.0,0.8,0.0013317534467205405,37.0,0.2346,22.0,1.0667,0.055776,0
431,0.0,-0.0,0.0,0.8,0.010223167017102242,39.0,0.852,0.0,0.0,0.0,0
432,0.11764705882352944,0.5225593745369408,0.0,0.733333,0.0067558446899056435,38.0,0.6486,121.0,2.1335,0.052007,0
433,0.11764705882352944,0.5225593745369408,0.0,0.733333,0.018295813351869583,41.0,0.1249,109.0,1.4223,0.088746,0
434,0.11764705882352944,0.5225593745369408,0.0,0.733333,0.00020585325546562672,36.0,0.1626,135.0,1.4223,0.070306,0
435,0.11764705882352944,0.5225593745369408,0.0,0.8,0.004772818181663752,38.0,0.5465,98.0,1.4223,0.041327,0
436,0.17647058823529416,0.8343470230852538,0.0,0.866667,0.36865997314453125,40.0,0.3238,82.0,2.1335,0.050568,0
437,0.17647058823529416,0.8343470230852538,0.0,0.933333,0.7289249897003174,41.0,0.2803,10.666666666666666,3.2002,0.040829,0
438,0.11764705882352944,0.6402064333604701,0.0,0.866667,2.3114430904388428,43.0,0.5527,155.5,1.0667,0.039658,0
439,0.11764705882352944,0.5225593745369408,0.0,0.866667,0.03301611170172691,42.0,0.4326,56.0,2.1335,0.039318,0
440,0.11764705882352944,0.5225593745369408,0.0,0.8,0.5528545379638672,44.0,0.5034,96.0,2.1335,0.054589,0
441,0.11764705882352944,0.5225593745369408,0.0,0.8,0.013383550569415092,47.0,0.0684,60.0,1.4223,0.055049,0
442,0.11764705882352944,0.5225593745369408,0.0,0.733333,0.024391671642661095,46.0,0.6375,102.0,1.0667,0.055531,0
443,0.11764705882352944,0.5225593745369408,0.0,0.733333,0.14208079874515533,44.0,0.209,127.0,1.4223,0.047011,0
444,0.11764705882352944,0.5225593745369408,0.0,0.8,0.03799252584576607,49.0,0.282,142.0,1.2191,0.067645,0
445,0.11764705882352944,0.5225593745369408,0.0,0.933333,0.0014871024759486318,52.0,0.2839,99.0,1.0667,0.085971,0
446,0.11764705882352944,0.5225593745369408,0.0,0.8,0.5385996103286743,48.0,0.6262,116.0,1.0667,0.048227,0
447,0.11764705882352944,0.5225593745369408,0.0,0.8,0.07352837175130844,50.0,0.5878,135.0,1.2191,0.078037,0
448,0.23529411764705888,1.022420703848328,0.0,0.8,0.0006960591417737305,54.0,0.4624,87.0,2.1335,0.088786,0
449,0.11764705882352944,0.5225593745369408,0.0,0.666667,0.00011932138295378536,51.0,0.2375,127.0,1.4223,0.078743,0
450,0.17647058823529416,0.8343470230852537,0.0,0.8,2.1446211338043213,49.0,0.4598,87.33333333333333,2.1335,0.032332,0
451,0.11764705882352944,0.5225593745369408,0.0,1.0,0.0273856483399868,54.0,0.3623,148.0,1.4223,0.054377,0
