position,freq_with_indel,entropy_with_indel
0,0.008698940998487115,0.09900075743774245
1,0.01021180030257185,0.1149124690494336
2,0.3721633888048411,1.069160766406198
3,0.014377601210745383,0.14887370854938659
4,0.09799470298902757,0.5278190408003737
5,0.09682299546142203,0.5228805386742859
6,0.10136157337367624,0.5528080689502655
7,0.0998487140695915,0.5810278085060927
8,0.27382753403933435,1.2312008868240418
9,0.10329171396140746,0.5831457724927332
10,0.09761634506242911,0.5270974068255166
11,0.10333080999242994,0.5864449091374005
12,0.11695685087055263,0.6885640583884469
13,0.10556186152099889,0.5963834620460098
14,0.10707529322739306,0.685311759716734
15,0.1259931895573212,0.7127508476343294
16,0.10037878787878785,0.5506001246172931
17,0.3923571698827091,1.4162029657478454
18,0.12803030303030305,0.7152854180759869
19,0.10408781226343677,0.5685591977390533
20,0.10707529322739306,0.6033436935558029
21,0.10480514566780175,0.5895715576432516
22,0.10749432248296742,0.5923452206838689
23,0.15474839197881196,0.8493375199224512
24,0.11615588346575856,0.6759924518643043
25,0.10253499810821032,0.5588374356706248
26,0.09954579863739588,0.544435153147037
27,0.10367007188800603,0.5815705721618607
28,0.09837306091562614,0.5339067505052472
29,0.09988649262202043,0.5370954912240014
30,0.10215664018161186,0.5643779286259536
31,0.09875141884222471,0.5269455194374831
32,0.09912977676882329,0.5301123207270029
33,0.09920484664899665,0.5490416648772157
34,0.09996213555471412,0.5320982199709452
35,0.011367942402425113,0.11909887964451538
36,0.10269041303524062,0.5686903624160101
37,0.09810606060606064,0.5314971909212616
38,0.0988262021961378,0.5327823422548934
39,0.09848484848484851,0.525833060622548
40,0.11595301250473666,0.6221606360525673
41,0.0977643046608564,0.5119884233612788
42,0.10003789314134137,0.540598072786845
43,0.00796057619408641,0.09163232591664294
44,0.1004548900682335,0.5531633768566661
45,0.09829222011385197,0.5293189768451914
46,0.12025796661608501,0.6901224721600876
47,0.10125142207053472,0.5480226631556857
48,0.11608497723823974,0.6542111491342042
49,0.09859689040576414,0.5309037147243308
50,0.009480470231323479,0.1087954100253335
51,0.09859689040576414,0.5491031843120343
52,0.09901365705614562,0.5378175689151471
53,0.09859689040576414,0.5406920829476309
54,0.09981024667931693,0.5591975795440796
55,0.09943074003795072,0.5431962314441762
56,0.09901365705614562,0.5358031364173825
57,0.009108159392789417,0.10401259769816566
58,0.10204855842185134,0.5568959137317019
59,0.10053110773899854,0.5570369159875379
60,0.10390595373530531,0.5781178358797574
61,0.1000758150113723,0.5742835577740097
62,0.10087220326128177,0.5532439728188391
63,0.10466439135381111,0.5893013718665427
64,0.10538286580742984,0.5991628484860648
65,0.4015927189988624,1.375641062445493
66,0.10159211523881728,0.5545501227074175
67,0.09890109890109888,0.5378867327619835
68,0.38514025777103866,1.6116986630124845
69,0.1208791208791209,0.6823788621005903
70,0.10075757575757571,0.5677444790887599
71,0.10795454545454541,0.6090059739701513
72,0.10416666666666663,0.589733826988941
73,0.016281711472926896,0.1636596922753055
74,0.09958349110185538,0.5369313690102498
75,0.09962121212121211,0.5319433575217571
76,0.0988262021961378,0.5354056310552858
77,0.2408039438756162,1.1762442221454539
78,0.11969696969696975,0.6996862576887529
79,0.09958349110185538,0.5429594377782725
80,0.12646724725482772,0.7159829111973115
81,0.10034078000757285,0.5504586681335255
82,0.1049640015157256,0.6013936334292322
83,0.09738537324744223,0.5204624277657364
84,0.10079575596816981,0.561301855697174
85,0.09962121212121211,0.5496251263174765
86,0.010984848484848486,0.12489435091886236
87,0.09962121212121211,0.5551785793584633
88,0.09886363636363638,0.546918472922137
89,0.09996213555471412,0.5587009200609706
90,0.10034078000757285,0.5545309466273395
91,0.09920484664899665,0.5475711886315836
92,0.10147671336614916,0.56226820536977
93,0.12159090909090908,0.6572789690217152
94,0.1587121212121212,0.8978555027754999
95,0.10374858008330179,0.5857967766244946
96,0.10147671336614916,0.5623903878751216
97,0.11359333585762965,0.6374213891235074
98,0.2748958727754638,1.228817218771527
99,0.09999999999999998,0.6261634985785534
100,0.10378787878787876,0.5665406046268538
101,0.10079575596816981,0.541791878052388
102,0.10037878787878785,0.5891501726444663
103,0.1117424242424242,0.6353048470467121
104,0.1000758150113723,0.5480101921045707
105,0.09855951478392722,0.5386410911595819
106,0.11452408039438755,0.6479491460687239
107,0.20751138088012144,1.0241581027259186
108,0.1031475161167994,0.5668946141395313
109,0.27834660599165717,1.2594457411953095
110,0.10117468738158397,0.5577851570019904
111,0.4277588168373151,1.5416468378133992
112,0.09928003031451305,0.5621258991670471
113,0.09780136467020473,0.5277844018812353
114,0.09890109890109888,0.5347737876313889
115,0.09893858984078852,0.5384580100808164
116,0.10436432637571158,0.5704967264119656
117,0.09977238239757202,0.5367389267839158
118,0.10128983308042494,0.5640660349538752
119,0.23141122913505308,1.2109973276507453
120,0.10094876660341556,0.5609379552673436
121,0.11195445920303604,0.6302748761163137
122,0.007972665148063829,0.0884301558699763
123,0.09818043972706592,0.5131893001181999
124,0.10121304018195598,0.5615780537148143
125,0.010606060606060619,0.12038193671461586
126,0.1007194244604317,0.548301182517383
127,0.10677773570617188,0.6023150959574002
128,0.10075757575757571,0.5479581055171129
129,0.10306934444865479,0.5899417038423573
130,0.09920484664899665,0.5319737651640716
131,0.09999999999999998,0.5394850390868381
132,0.10109806891329043,0.5611865604475682
133,0.10151515151515156,0.5565229615181524
134,0.10189393939393943,0.5659897499987228
135,0.09962121212121211,0.5443835511077018
136,0.19704433497536944,1.0645175118606445
137,0.46815769522365425,1.4556970216305287
138,0.10003789314134137,0.5427774399427803
139,0.1595301250473664,0.8678820412863958
140,0.09965896172792721,0.5475488720891212
141,0.014025777103866544,0.1481379906886483
142,0.10003789314134137,0.5498477050015366
143,0.15775502464922264,0.8576723759771331
144,0.10121304018195598,0.5455363705109836
145,0.10348749052312356,0.5901008025078476
146,0.21645185746777862,1.0329381369963477
147,0.099696739954511,0.5345907389457085
148,0.10272934040940107,0.5784795913193144
149,0.0993176648976497,0.5304076005467611
150,0.4931766489764974,1.5309583969606246
151,0.09666413949962094,0.5092230270571494
152,0.11376564277588164,0.6322193779207995
153,0.13993174061433444,0.7864610423556675
154,0.10011376564277585,0.5490667771146523
155,0.41319181197877175,1.4807500556361188
156,0.10197119029567858,0.5634607824189192
157,0.1637604245640637,0.9724537611665833
158,0.09818043972706592,0.5826804824083082
159,0.3718726307808946,1.2545866514378734
160,0.20583775587566333,1.0378362235561536
161,0.10011376564277585,0.55134208997017
162,0.0993176648976497,0.5425392940486582
163,0.0997345468335229,0.535696204389372
164,0.10163064087978768,0.5524870080379682
165,0.10504361016306407,0.60286943544853
166,0.09859689040576414,0.532032447123228
167,0.09859689040576414,0.5252276403648442
168,0.09977238239757202,0.5845183739450013
169,0.09863429438543247,0.531873523314458
170,0.09977238239757202,0.5411937623722842
171,0.31475161167993937,1.2923021949909186
172,0.1054628224582701,0.602312840343854
173,0.42223065250379366,1.5486158653718076
174,0.2709677419354839,1.11297435018239
175,0.5685009487666034,1.8531756289669707
176,0.0997345468335229,0.5474458519119243
177,0.09901365705614562,0.5455035734752947
178,0.10091047040971168,0.5536056458303568
179,0.1788154897494305,0.7722146310522155
180,0.10280728376327775,0.5619895005362373
181,0.10053110773899854,0.5573454588974709
182,0.10440394836750189,0.6723850627219448
183,0.10482339536650209,0.5930083749645495
184,0.10182370820668696,0.5650334788850357
185,0.0998860615267756,0.5956055241521058
186,0.18647930117736422,0.9700314215892586
187,0.10140524116976835,0.5605080278651792
188,0.38525835866261393,1.386406312596785
189,0.0998860615267756,0.5432331555015706
190,0.10254462590201296,0.5729688081963037
191,0.10056925996204935,0.557536853822693
192,0.011001517450682896,0.12524564526835177
193,0.10011376564277585,0.5478727481098244
194,0.10125142207053472,0.5495288260078354
195,0.10018975332068314,0.5558023593762941
196,0.0997345468335229,0.5347897350964016
197,0.10959423587409933,0.6180799933071647
198,0.0997345468335229,0.5413082743150951
199,0.10056925996204935,0.5560188272572282
200,0.09992401215805469,0.5370371902125
201,0.2647170527914926,1.1714996312469288
202,0.011014052411697728,0.12561892752729525
203,0.014432206608431475,0.15421367302675898
204,0.4285714285714286,1.394533618411889
205,0.2710706150341685,1.1996126489862484
206,0.10026585643752373,0.5386201792697751
207,0.399164451196354,1.462854579809002
208,0.23480243161094227,1.0793508225953896
209,0.09996199163816044,0.5390794496477119
210,0.2693768996960486,1.1748680199234032
211,0.011778115501519748,0.12321384617318834
212,0.15159574468085102,0.8867657401461084
213,0.1257598784194529,0.7178839866813329
214,0.10794374762447734,0.6158844828600343
215,0.1006838905775076,0.5469646813486585
216,0.10604332953249718,0.5970789181730138
217,0.1006838905775076,0.5383439857716061
218,0.1020872865275142,0.5676517573385687
219,0.10132827324478177,0.5530360086038639
220,0.010626185958254264,0.12039510415495297
221,0.10098709187547461,0.5556223427557535
222,0.12072892938496582,0.7081679593576563
223,0.1029244208127611,0.5720667212641437
224,0.10136674259681089,0.5692626700241514
225,0.10060744115413822,0.554795153834138
226,0.10372340425531912,0.584747676660373
227,0.10866261398176291,0.6245719960421457
228,0.1029244208127611,0.5598511340512695
229,0.1215343714394227,0.698393206160994
230,0.10026585643752373,0.5271282015370353
231,0.1075636640060813,0.6176059645843113
232,0.09950626661602735,0.6198477856637691
233,0.1018624097301406,0.5391909693054772
234,0.12875047474363843,0.7281276762835212
235,0.10136674259681089,0.5427765552947206
236,0.10110224249334854,0.5554219731229167
237,0.015226494099733534,0.15315950428377678
238,0.4790874524714829,1.4197383746779009
239,0.09992401215805469,0.5483920086400181
240,0.11592550361079434,0.664563928585147
241,0.09809885931558937,0.5266711643673411
242,0.105283162295705,0.5876972132066183
243,0.09996199163816044,0.5488531141377346
244,0.1007221588749525,0.5473535162744023
245,0.10026585643752373,0.5492069264508425
246,0.1006838905775076,0.5524585851932147
247,0.09916413373860178,0.534526715379783
248,0.10220364741641341,0.5635379440223998
249,0.10110224249334854,0.544167926282922
250,0.10038022813688208,0.5422198374346692
251,0.1022813688212928,0.5785788411702231
252,0.1018624097301406,0.5552294399440096
253,0.1041825095057034,0.579597504972851
254,0.12775665399239544,0.7489476361423473
255,0.10003803727653104,0.549739118922203
256,0.10087552341073469,0.5482409030310493
257,0.1126331811263318,0.6407886097996107
258,0.10430148458317468,0.5728857771144018
259,0.1035401598781881,0.5830746663457023
260,0.10125618576322803,0.5576250543465099
261,0.10125618576322803,0.5521395748596347
262,0.10121765601217658,0.5451252667679368
263,0.10110224249334854,0.5547770088615912
264,0.09992401215805469,0.5394280682396485
265,0.1010254462590201,0.5599292307621455
266,0.10140524116976835,0.5506562098271918
267,0.10034207525655647,0.5379045720838884
268,0.10106382978723405,0.542433915531518
269,0.1010254462590201,0.5531756099886325
270,0.1029244208127611,0.566375000467687
271,0.10022779043280183,0.5439377324432209
272,0.10140524116976835,0.5587897509985641
273,0.10132827324478177,0.549660732326983
274,0.09908883826879267,0.5385289271648881
275,0.10744115413819288,0.6120582173570769
276,0.1503416856492027,0.8941874108266965
277,0.12158054711246202,0.6987184044722072
278,0.01365705614567525,0.1440803251253867
279,0.10702087286527517,0.6017724454249839
280,0.10398481973434537,0.5431364935357157
281,0.09863429438543247,0.5336307063363659
282,0.01630640879787637,0.16779615877203446
283,0.10925644916540211,0.5850061762865724
284,0.10596278009874671,0.5875648798270477
285,0.09908883826879267,0.5406831356750358
286,0.10326499620349283,0.5824886721506095
287,0.11503416856492032,0.665724019993634
288,0.10748195974173946,0.627161640556499
289,0.10288534548215644,0.6081520301120291
290,0.10364464692482911,0.5656577513232209
291,0.48385871629320165,1.737483732970138
292,0.0998860615267756,0.5366450142791452
293,0.10824154956323584,0.6676420891126353
294,0.10372340425531912,0.5838078448339217
295,0.10330421572350934,0.5752846800656387
296,0.10060744115413822,0.5579081876003565
297,0.10288534548215644,0.5705545347079579
298,0.10136674259681089,0.5464641219239347
299,0.10060744115413822,0.5790357308492821
300,0.10022779043280183,0.5495629133728289
301,0.10026585643752373,0.5538300343210372
302,0.10258358662613987,0.5725319889723325
303,0.10338274420372484,0.5640145075728048
304,0.1071428571428571,0.6195708485809663
305,0.10296352583586621,0.5772051148479644
306,0.11398176291793316,0.6654994861482805
307,0.10258358662613987,0.574430340956508
308,0.1007221588749525,0.5569184125549743
309,0.1018624097301406,0.5659495081312048
310,0.10110224249334854,0.5570954678011997
311,0.10038022813688208,0.548898963643525
312,0.10346139216432104,0.5847093106867677
313,0.10106382978723405,0.5625115294494898
314,0.10406380554500572,0.5899858347583213
315,0.105123339658444,0.5906937540646052
316,0.10056925996204935,0.5581891308113291
317,0.09984813971146544,0.5430845438512119
318,0.10064565134827197,0.5517977690452114
319,0.11052031902772508,0.6434783280025492
320,0.10136674259681089,0.5591936150574557
321,0.10087220326128177,0.548802901974984
322,0.1031475161167994,0.5772499237960579
323,0.10163064087978768,0.5659204958279281
324,0.11907470610542281,0.7254435334434735
325,0.11448066717210004,0.6455864994224644
326,0.17481987106560481,0.9092464588542225
327,0.12220113851992409,0.7092885635796379
328,0.10091047040971168,0.5500743688222354
329,0.10011376564277585,0.5459215736586578
330,0.10125142207053472,0.562424584251401
331,0.10125142207053472,0.5624624551160615
332,0.0997345468335229,0.5440540740761867
333,0.10125142207053472,0.5572198678297224
334,0.0997345468335229,0.5499386478305172
335,0.10121304018195598,0.5577511291726337
336,0.10049298445202881,0.5531514720333787
337,0.10053110773899854,0.5606920289197181
338,0.10508345978755695,0.5918300445272069
339,0.10318664643399089,0.5856009154169813
340,0.10128983308042494,0.5550066819942429
341,0.12291350531107736,0.6972714843127572
342,0.10318664643399089,0.5786719842688438
343,0.3934799090219864,1.4187522104700538
344,0.10197119029567858,0.5488419705172186
345,0.09848484848484851,0.5398603753439145
346,0.10037878787878785,0.544959155517141
347,0.09924242424242424,0.5148049103885963
348,0.09852216748768472,0.5273434309603882
349,0.09920484664899665,0.5329573697014485
350,0.10305343511450382,0.5712066676921209
351,0.10003789314134137,0.5332994730024861
352,0.09803179409538232,0.52702391305113
353,0.100264850548619,0.5514476841534941
354,0.10068130204390613,0.5447027792854859
355,0.09950813469542186,0.5232024933959936
356,0.09988649262202043,0.5332861509619012
357,0.09795763993948559,0.5279273864232004
358,0.09947049924357032,0.5496690394593683
359,0.0998487140695915,0.5405087306026808
360,0.09795763993948559,0.5339817911077097
361,0.1040484298146046,0.5859543337002762
362,0.2486752460257381,1.1901204269135515
363,0.10173978819969742,0.5613606345682273
364,0.09871406959152795,0.5390896245808271
365,0.10060514372163387,0.5560685755981039
366,0.10060514372163387,0.5495538776120875
367,0.09947049924357032,0.5464384955276386
368,0.10177828225501329,0.5631040563892281
369,0.10064320847521757,0.5556181164775964
370,0.100264850548619,0.5390522993670974
371,0.10215664018161186,0.5684333791229862
372,0.0998487140695915,0.5965846801852055
373,0.1021180030257186,0.5640476557810837
374,0.10022692889561269,0.5451376584448481
375,0.09947049924357032,0.538745536366798
376,0.10480514566780175,0.587119939023634
377,0.09947049924357032,0.5424148819105432
378,0.09947049924357032,0.5207925017947963
379,0.010968229954614217,0.11854018601709736
380,0.09947049924357032,0.5365554764853632
381,0.0998487140695915,0.5575572643176633
382,0.10215664018161186,0.567265831789306
383,0.100264850548619,0.5505152613586737
384,0.100264850548619,0.5503675657379535
385,0.10064320847521757,0.5516091862440574
386,0.09947049924357032,0.5511818987634529
387,0.013993948562783687,0.1518998457375711
388,0.1021180030257186,0.5813233349990908
389,0.10253499810821032,0.5765128673025245
390,0.10291335603480889,0.564896025368813
391,0.10060514372163387,0.5476182431158451
392,0.10022692889561269,0.5506501968897808
393,0.27647503782148264,0.9521031674143122
394,0.10098335854765506,0.5527667087355068
395,0.09909228441754914,0.5409156784423471
396,0.0998487140695915,0.5452099642977236
397,0.10022692889561269,0.5524863364405649
398,0.10400907715582453,0.5878639581995033
399,0.10060514372163387,0.5535959030579095
400,0.10022692889561269,0.5401870069888781
401,0.10363086232980334,0.5716733526512908
402,0.0998487140695915,0.5538325264069606
403,0.10249621785173979,0.565724159880223
404,0.10136157337367624,0.5621790716945593
405,0.10438729198184571,0.5849598405315767
406,0.10173978819969742,0.5575545325653637
407,0.10060514372163387,0.5600834571477618
408,0.10060514372163387,0.5564283801241421
409,0.10249621785173979,0.5660463657482767
410,0.10098335854765506,0.5566227194814908
411,0.0975794251134644,0.5163936748847018
412,0.10060514372163387,0.5373749612272677
413,0.09795763993948559,0.5246003321561316
414,0.10064320847521757,0.5594807630385986
415,0.10136157337367624,0.5698190557207308
416,0.09837306091562614,0.5341230744516704
417,0.10329171396140746,0.570182186507464
418,0.09950813469542186,0.5490728668860013
419,0.10253499810821032,0.5629960816977804
420,0.10177828225501329,0.5644620546925181
421,0.20393492243662503,1.0129692995460495
422,0.10064320847521757,0.5533141568935758
423,0.107034795763994,0.6042054064453766
424,0.10514372163388808,0.5960763431940973
425,0.10060514372163387,0.546512332990315
426,0.012481089258698952,0.1398797691242118
427,0.10060514372163387,0.5531266617681975
428,0.10400907715582453,0.5796050664428319
429,0.10136157337367624,0.5550201712137692
430,0.10022692889561269,0.5532805366940103
431,0.10400907715582453,0.5911443546849193
432,0.10136157337367624,0.5523371489435194
433,0.11875945537065058,0.6967773258454836
434,0.10098335854765506,0.566450686661716
435,0.10173978819969742,0.5633029554057691
436,0.10060514372163387,0.5584229580836304
437,0.10098335854765506,0.5536374474033556
438,0.10173978819969742,0.5555004618997506
439,0.09947049924357032,0.5371965851783443
440,0.09947049924357032,0.5377828261441516
441,0.09947049924357032,0.5223913547511554
442,0.01437216338880487,0.15442164608561298
443,0.10060514372163387,0.5528394734058671
444,0.10136157337367624,0.551195110362334
445,0.1040484298146046,0.5752084106558013
446,0.10400907715582453,0.582820661044283
447,0.0998487140695915,0.544207474318822
448,0.10022692889561269,0.5446185936235136
449,0.10060514372163387,0.5598271323393728
450,0.10098335854765506,0.5533965744891296
451,0.10022692889561269,0.5436625697421666
452,0.10287443267776097,0.5698004989341307
453,0.0998487140695915,0.5514022388674825
454,0.10098335854765506,0.5624003465881411
455,0.10064320847521757,0.5469003173985912
456,0.10060514372163387,0.5489572258618087
457,0.10249621785173979,0.5659944478503046
458,0.09947049924357032,0.5448633075411105
459,0.10060514372163387,0.5401625830083342
460,0.012481089258698952,0.13623549074924973
461,0.09947049924357032,0.5379304659041981
462,0.10022692889561269,0.548672536153147
463,0.10060514372163387,0.5449271107412054
464,0.10022692889561269,0.5362218254989058
465,0.10136157337367624,0.5719943015318174
466,0.10102156640181614,0.5582538175927634
467,0.10287443267776097,0.6270877535511281
468,0.10173978819969742,0.5674580091625037
469,0.10139992432841471,0.5620815873847294
470,0.10136157337367624,0.5626332829931553
471,0.10060514372163387,0.558260676420282
472,0.10064320847521757,0.5474715527388585
473,0.0998487140695915,0.5449463992402274
474,0.0998487140695915,0.5413029308561262
475,0.0113464447806354,0.12702372853235508
476,0.10136157337367624,0.584478615182372
477,0.10900832702498109,0.6180999524048211
478,0.09950813469542186,0.5379772616402111
479,0.10136157337367624,0.5569117733173298
480,0.10060514372163387,0.546999079010664
481,0.09947049924357032,0.5406828130087883
482,0.10102156640181614,0.5592931825251589
483,0.10249621785173979,0.5772103676356328
484,0.10060514372163387,0.552046951869456
485,0.0998487140695915,0.5430162165444026
486,0.10022692889561269,0.5485227491840861
487,0.11308623298033282,0.6397526071756567
488,0.100264850548619,0.5492816466188869
489,0.10173978819969742,0.5450168707122709
490,0.1021180030257186,0.5701893858351863
491,0.10858872493378735,0.6239374993360745
492,0.10098335854765506,0.5642523121525281
493,0.11275066212637153,0.6487950807004171
494,0.10968229954614217,0.6254844363835665
495,0.10136157337367624,0.5610866244528502
496,0.10060514372163387,0.5569392836164532
497,0.09947049924357032,0.5305732599452396
498,0.10173978819969742,0.5634030546896157
499,0.21482602118003025,1.0412415497627014
500,0.10173978819969742,0.5653648894126463
501,0.10022692889561269,0.5557959177628881
502,0.10363086232980334,0.5762131998987964
503,0.10173978819969742,0.5684778487592298
504,0.15393343419062022,0.9067158171217121
505,0.1040484298146046,0.5811602496580945
506,0.1021180030257186,0.5753117203810003
507,0.10136157337367624,0.5571824688922777
508,0.10556186152099889,0.5938293005210921
509,0.10173978819969742,0.5704151254012201
510,0.10249621785173979,0.5674132640093489
511,0.013993948562783687,0.15299538164991597
512,0.012481089258698952,0.13927097923221604
513,0.10363086232980334,0.5814561828225742
514,0.1021180030257186,0.5688421395137654
515,0.10325264750378216,0.5710650738501178
516,0.10363086232980334,0.5768333682113626
517,0.10665658093797281,0.6092228267794195
518,0.12216338880484112,0.700897260349365
519,0.10438729198184571,0.5971862344857415
520,0.107034795763994,0.5979170342902831
521,0.10325264750378216,0.5626404417286814
522,0.10143830431491296,0.5675391114738281
523,0.10627836611195163,0.6103976467407263
524,0.10378787878787876,0.5900381689900425
525,0.10707529322739306,0.6170211237868746
526,0.10400907715582453,0.6557500118703304
527,0.10363086232980334,0.5905787034725228
528,0.10590015128593044,0.6034745921525316
529,0.10173978819969742,0.5417650614230306
530,0.10363086232980334,0.5645919954860923
531,0.10098335854765506,0.556829599253345
532,0.10257380772142322,0.5617243421379927
533,0.10329171396140746,0.5793254465345603
534,0.012107453651153954,0.12869261595478937
535,0.10143830431491296,0.5639006666357989
536,0.09950813469542186,0.563141131995091
537,0.26928895612708015,1.1900662629619867
538,0.013615733736762503,0.13993251371919174
539,0.10253499810821032,0.5675048782576427
540,0.10741301059001518,0.5649258887488913
541,0.10136157337367624,0.5603796649378185
542,0.013615733736762503,0.13936372131216418
