position,dnds_proxy
0,0.0
1,0.0164
2,5.1415
3,0.075
4,1.1069
5,1.2963
6,2.0101
7,1.9855
8,2.8675
9,1.1772
10,1.9445
11,1.0219
12,2.3474
13,1.4002
14,1.0584
15,1.6956
16,0.9898
17,4.1474
18,1.4691
19,1.368
20,1.4112
21,1.0461
22,1.0551
23,1.5712
24,2.2973
25,1.351
26,1.2968
27,1.362
28,1.9363
29,0.9722
30,1.9937
31,1.2908
32,0.9722
33,0.9722
34,1.3073
35,0.0438
36,1.3515
37,0.9804
38,1.2908
39,1.2968
40,1.3414
41,1.3023
42,0.989
43,0.0219
44,1.1359
45,1.3098
46,1.212
47,1.0025
48,2.3017
49,1.1128
50,0.0082
51,1.2983
52,1.3038
53,0.9693
54,1.3043
55,1.2988
56,0.97
57,0.0082
58,1.3317
59,0.9823
60,1.023
61,1.9639
62,1.9886
63,1.1974
64,1.386
65,4.2031
66,1.15
67,0.9689
68,4.0233
69,2.4058
70,1.3083
71,1.0633
72,1.0185
73,0.0845
74,1.9624
75,0.9775
76,1.2973
77,3.3388
78,1.1828
79,0.9689
80,1.675
81,1.9788
82,1.1692
83,0.9696
84,1.3038
85,1.9467
86,0.0164
87,1.2923
88,0.9693
89,1.2918
90,0.9812
91,0.9689
92,0.9894
93,1.6045
94,1.5812
95,1.0099
96,0.9853
97,1.1167
98,2.8533
99,0.8616
100,1.0144
101,1.9557
102,0.9734
103,1.4621
104,0.9737
105,1.9393
106,2.3017
107,4.2845
108,1.3476
109,2.9089
110,1.987
111,8.9403
112,0.9689
113,0.9693
114,1.2923
115,0.9696
116,1.0283
117,1.3048
118,1.3158
119,2.3848
120,0.9831
121,1.4808
122,0.0082
123,1.94
124,1.9647
125,0.0247
126,1.9632
127,1.3854
128,1.2983
129,2.0387
130,1.9467
131,1.2928
132,1.3088
133,1.9632
134,0.998
135,0.9734
136,2.0255
137,4.887
138,0.9696
139,3.2622
140,0.9696
141,0.0452
142,0.8619
143,2.1373
144,1.3257
145,1.3476
146,2.231
147,0.9696
148,1.0025
149,1.2928
150,6.9682
151,1.9393
152,2.2935
153,1.8688
154,0.9741
155,4.3222
156,2.005
157,2.2132
158,1.9639
159,7.8885
160,4.2647
161,1.9811
162,0.9696
163,0.97
164,1.9976
165,2.0551
166,1.94
167,0.97
168,0.8626
169,1.9408
170,1.2993
171,6.5188
172,2.0715
173,4.4842
174,2.8248
175,6.9031
176,0.9782
177,1.2993
178,1.3103
179,1.8188
180,1.0115
181,1.3103
182,1.3607
183,0.9111
184,1.3288
185,0.9715
186,1.9142
187,0.988
188,4.0646
189,0.9797
190,1.0003
191,0.979
192,0.0329
193,0.9741
194,1.1321
195,0.8665
196,1.2933
197,1.4358
198,0.9741
199,0.979
200,1.2958
201,2.7581
202,0.0165
203,0.0453
204,4.5341
205,2.8116
206,0.976
207,4.1676
208,4.8942
209,1.9453
210,2.7932
211,0.022
212,1.5243
213,2.5378
214,2.1348
215,1.3018
216,2.1101
217,1.13
218,1.3283
219,1.3173
220,0.0165
221,1.3013
222,1.186
223,2.0269
224,1.9849
225,0.976
226,1.0056
227,1.4172
228,1.3403
229,1.3936
230,1.3073
231,1.0509
232,1.1159
233,1.3138
234,2.5707
235,2.0179
236,1.3083
237,0.1321
238,6.6736
239,1.9445
240,1.1457
241,1.112
242,1.3683
243,1.9453
244,1.946
245,1.13
246,1.9535
247,1.121
248,0.9891
249,0.8686
250,1.2978
251,1.1501
252,1.3138
253,1.0188
254,1.6883
255,1.3094
256,0.9783
257,1.2831
258,2.0399
259,2.0308
260,1.1322
261,0.9869
262,1.9648
263,1.3028
264,1.2968
265,0.9764
266,1.961
267,1.1163
268,1.3023
269,1.3018
270,1.9939
271,1.3068
272,0.9805
273,0.9797
274,0.9678
275,1.2048
276,3.0309
277,2.4316
278,0.0494
279,1.0415
280,2.0418
281,1.9423
282,0.0799
283,0.9474
284,2.0673
285,1.9512
286,1.0007
287,1.5045
288,1.4062
289,1.1437
290,1.3398
291,5.059
292,0.9723
293,1.0588
294,2.0194
295,1.0011
296,0.9719
297,1.1484
298,1.3068
299,1.3178
300,0.9842
301,1.3018
302,1.9865
303,1.1497
304,1.4122
305,1.0056
306,1.1169
307,0.9974
308,1.3078
309,0.985
310,0.9809
311,0.9813
312,1.3418
313,0.9768
314,2.0269
315,1.1667
316,1.3118
317,0.9719
318,1.3018
319,1.4441
320,0.9797
321,1.2998
322,1.9991
323,0.9831
324,1.5576
325,1.1348
326,1.777
327,2.4041
328,1.3113
329,1.958
330,0.9831
331,1.958
332,1.2943
333,1.3108
334,1.2943
335,0.8699
336,1.9497
337,0.9708
338,1.3602
339,1.3327
340,0.979
341,1.2093
342,0.9995
343,5.5317
344,1.9737
345,1.2928
346,1.1222
347,0.9696
348,1.2988
349,1.2923
350,1.1499
351,1.2928
352,1.2918
353,0.9685
354,1.112
355,0.9685
356,0.9685
357,1.2963
358,0.8606
359,0.964
360,1.2908
361,0.9007
362,3.4308
363,0.9808
364,1.2908
365,0.8642
366,0.9722
367,1.3018
368,0.9849
369,1.9616
370,0.9685
371,0.9972
372,0.9722
373,1.9855
374,0.9681
375,1.2963
376,2.0355
377,1.2908
378,0.9681
379,0.0219
380,1.2963
381,0.9722
382,1.9945
383,0.9767
384,1.9452
385,1.2968
386,0.9763
387,0.0492
388,1.3182
389,1.1585
390,0.9972
391,0.9722
392,1.1111
393,2.8716
394,1.3127
395,0.9763
396,1.9445
397,0.9763
398,2.0183
399,1.9363
400,1.1158
401,1.3346
402,0.9804
403,1.3182
404,0.9763
405,1.0256
406,0.9845
407,0.9763
408,0.9681
409,0.9927
410,1.1158
411,0.9681
412,0.9681
413,0.9681
414,0.9685
415,1.9527
416,0.9722
417,1.3455
418,0.9763
419,1.3237
420,1.9691
421,2.8005
422,0.9722
423,1.0502
424,2.0429
425,0.9804
426,0.0164
427,0.9722
428,1.3455
429,0.9804
430,0.9763
431,1.3401
432,0.9763
433,1.3362
434,0.9722
435,1.9937
436,0.8606
437,1.9445
438,0.9804
439,0.9722
440,1.2908
441,0.9722
442,0.0985
443,1.9609
444,1.3018
445,1.3406
446,2.0265
447,0.9722
448,0.9681
449,0.9681
450,0.9722
451,1.2963
452,1.1346
453,0.9722
454,1.9534
455,1.2968
456,0.9681
457,1.9773
458,0.9681
459,0.8606
460,0.0164
461,0.9763
462,1.9363
463,0.9681
464,0.9722
465,0.9927
466,1.2968
467,1.0051
468,0.9804
469,0.9767
470,1.9527
471,1.9363
472,0.9767
473,0.9681
474,1.2908
475,0.0
476,0.9804
477,0.9415
478,1.2968
479,0.9804
480,1.2908
481,0.9681
482,0.9726
483,0.9927
484,1.1205
485,0.9681
486,0.9681
487,1.0994
488,0.9685
489,0.9804
490,0.9886
491,1.4008
492,0.9681
493,1.2616
494,1.4167
495,1.9445
496,1.1111
497,1.9445
498,0.9722
499,2.2029
500,1.3018
501,0.9681
502,0.9886
503,0.9681
504,1.5384
505,1.3242
506,0.9681
507,1.9363
508,1.0054
509,0.9681
510,1.2963
511,0.0328
512,0.0041
513,0.9886
514,1.9363
515,0.9804
516,0.9845
517,1.1721
518,1.2061
519,1.3237
520,1.362
521,0.9804
522,1.946
523,1.0256
524,1.9968
525,1.3625
526,0.9804
527,0.9763
528,1.001
529,0.8642
530,1.1299
531,1.9363
532,0.8609
533,1.1205
534,0.0
535,0.9685
536,1.269
537,2.4577
538,0.0
539,0.9767
540,1.0297
541,1.9445
542,0.041
543,0.9726
544,2.9349
545,1.6683
546,0.0164
547,1.9609
548,1.2908
549,0.9845
550,1.1439
551,0.9007
552,0.0
553,1.3018
554,0.0082
555,0.9722
556,0.9763
557,0.0
558,0.9763
559,1.1252
560,1.9527
561,0.0123
562,0.9969
563,0.0141
564,0.0
565,0.0047
