position,semantic_change
0,0.080005
1,0.091148
2,0.073257
3,0.08197
4,0.083784
5,0.082525
6,0.073508
7,0.078329
8,0.082528
9,0.083413
10,0.061985
11,0.078535
12,0.079716
13,0.076446
14,0.083577
15,0.060595
16,0.076368
17,0.076343
18,0.061671
19,0.071819
20,0.069818
21,0.07184
22,0.077974
23,0.071654
24,0.06363
25,0.145245
26,0.064771
27,0.092596
28,0.070949
29,0.068247
30,0.058889
31,0.074573
32,0.082573
33,0.157905
34,0.091112
35,0.09539
36,0.077946
37,0.085147
38,0.057117
39,0.134445
40,0.064725
41,0.077431
42,0.080752
43,0.078551
44,0.064249
45,0.090035
46,0.121895
47,0.051427
48,0.078483
49,0.059462
50,0.06325
51,0.078568
52,0.076005
53,0.075422
54,0.05854
55,0.072264
56,0.077828
57,0.078035
58,0.070957
59,0.073182
60,0.068477
61,0.06157
62,0.052664
63,0.068594
64,0.124466
65,0.071373
66,0.068983
67,0.091427
68,0.094465
69,0.076323
70,0.069123
71,0.082279
72,0.070029
73,0.07692
74,0.075318
75,0.079295
76,0.054801
77,0.070673
78,0.070693
79,0.076273
80,0.079315
81,0.069958
82,0.044546
83,0.072007
84,0.073796
85,0.072043
86,0.084911
87,0.068939
88,0.061467
89,0.081791
90,0.067268
91,0.083096
92,0.153858
93,0.081277
94,0.059734
95,0.089518
96,0.069697
97,0.068551
98,0.056621
99,0.060031
100,0.052973
101,0.07318
102,0.068344
103,0.090212
104,0.061053
105,0.103015
106,0.074463
107,0.072952
108,0.068925
109,0.05759
110,0.065028
111,0.091419
112,0.071115
113,0.073862
114,0.064496
115,0.095603
116,0.08969
117,0.078025
118,0.08948
119,0.079714
120,0.096048
121,0.083019
122,0.075491
123,0.088881
124,0.073399
125,0.080329
126,0.072104
127,0.079711
128,0.075948
129,0.072466
130,0.081901
131,0.08439
132,0.082085
133,0.088081
134,0.101149
135,0.095534
136,0.094558
137,0.110468
138,0.100963
139,0.078159
140,0.130181
141,0.09546
142,0.086242
143,0.094919
144,0.069356
145,0.069151
146,0.069779
147,0.090692
148,0.080755
149,0.147018
150,0.071933
151,0.061923
152,0.074799
153,0.084576
154,0.095547
155,0.080028
156,0.082204
157,0.063496
158,0.074183
159,0.069034
160,0.068701
161,0.081085
162,0.071282
163,0.074627
164,0.074753
165,0.063681
166,0.070615
167,0.059414
168,0.078379
169,0.084062
170,0.074545
171,0.072166
172,0.077976
173,0.15852
174,0.069227
175,0.064932
176,0.089636
177,0.087354
178,0.071183
179,0.07596
180,0.073793
181,0.092125
182,0.066735
183,0.080558
184,0.071637
185,0.072758
186,0.087307
187,0.064911
188,0.06716
189,0.062596
190,0.09422
191,0.082142
192,0.076761
193,0.071419
194,0.069049
195,0.06379
196,0.068542
197,0.130262
198,0.069189
199,0.062235
200,0.073284
201,0.074115
202,0.068466
203,0.09261
204,0.070256
205,0.081939
206,0.070241
207,0.073896
208,0.062872
209,0.068653
210,0.068078
211,0.076898
212,0.079268
213,0.074319
214,0.072228
215,0.069678
216,0.075214
217,0.087675
218,0.070041
219,0.092081
220,0.072471
221,0.071068
222,0.083485
223,0.066319
224,0.070653
225,0.070004
226,0.097048
227,0.082657
228,0.070427
229,0.091139
230,0.062371
231,0.07488
232,0.066165
233,0.078856
234,0.078265
235,0.074677
236,0.063841
237,0.063808
238,0.080526
239,0.063605
240,0.059757
241,0.068933
242,0.082908
243,0.066871
244,0.063492
245,0.162624
246,0.063269
247,0.071554
248,0.083771
249,0.075032
250,0.061183
251,0.083703
252,0.06735
253,0.079984
254,0.080434
255,0.076587
256,0.081926
257,0.082734
258,0.076984
259,0.080051
260,0.079585
261,0.071382
262,0.072507
263,0.078596
264,0.076517
265,0.076131
266,0.085804
267,0.114615
268,0.065831
269,0.092044
270,0.070519
271,0.096113
272,0.073971
273,0.084927
274,0.097148
275,0.060685
276,0.073015
277,0.077345
278,0.074568
279,0.080556
280,0.092167
281,0.076735
282,0.089693
283,0.085412
284,0.082349
285,0.079114
286,0.09586
287,0.089172
288,0.090784
289,0.087433
290,0.086359
291,0.088171
292,0.092195
293,0.088886
294,0.08508
295,0.100746
296,0.095823
297,0.099932
298,0.097631
299,0.093029
300,0.085115
301,0.089239
302,0.105273
303,0.090962
304,0.081463
305,0.097649
306,0.115583
307,0.094342
308,0.091649
309,0.084473
310,0.10288
311,0.09398
312,0.086096
313,0.081056
314,0.098179
315,0.092927
316,0.086305
317,0.074169
318,0.086688
319,0.086693
320,0.100761
321,0.09729
322,0.086294
323,0.082546
324,0.092627
325,0.077145
326,0.094536
327,0.076722
328,0.109649
329,0.087551
330,0.083865
331,0.084873
332,0.099192
333,0.088435
334,0.083125
335,0.102452
336,0.090973
337,0.092256
338,0.088193
339,0.106017
340,0.095981
341,0.095002
342,0.095169
343,0.105768
344,0.095257
345,0.110247
346,0.099062
347,0.107594
348,0.105217
349,0.095633
350,0.093475
351,0.097736
352,0.105508
353,0.095165
354,0.084371
355,0.094382
356,0.112849
357,0.088872
358,0.084867
359,0.096746
360,0.076778
361,0.088471
362,0.078115
363,0.079837
364,0.073775
365,0.086029
366,0.0801
367,0.08102
368,0.100004
