position,stability_score,stability_structural,plddt
0,0.491,0.0013,0.26
1,-0.3333,-0.0009,0.26
2,-0.5159,-0.0015,0.3
3,0.655,0.0016,0.25
4,0.3771,0.001,0.26
5,0.4167,0.001,0.24
6,0.8548,0.0021,0.24
7,-0.5912,-0.0015,0.25
8,-0.1446,-0.0003,0.22
9,-0.129,-0.0003,0.23
10,0.1496,0.0003,0.22
11,-0.1236,-0.0003,0.21
12,0.5933,0.0013,0.22
13,1.2077,0.0028,0.23
14,1.9108,0.0042,0.22
15,-1.2896,-0.003,0.23
16,-0.4706,-0.0011,0.24
17,-0.1068,-0.0003,0.24
18,-1.3684,-0.0033,0.24
19,0.7778,0.0021,0.27
20,-0.45,-0.0011,0.25
21,1.7672,0.0046,0.26
22,1.0,0.0026,0.26
23,0.4219,0.0011,0.26
24,-0.8026,-0.0022,0.27
25,0.5,0.0014,0.28
26,-0.0531,-0.0002,0.29
27,-0.3333,-0.001,0.31
28,0.05,0.0002,0.32
29,3.0,0.0099,0.33
30,-2.9304,-0.01,0.34
31,1.6484,0.0056,0.34
32,1.0,0.0033,0.33
33,0.1481,0.0005,0.33
34,1.4,0.0045,0.32
35,-0.2,-0.0006,0.31
36,1.0,0.0033,0.33
37,3.0,0.0099,0.33
38,-2.8269,-0.0099,0.35
39,0.6,0.0019,0.31
40,1.0043,0.0031,0.31
41,0.3333,0.0009,0.28
42,-0.0,-0.0,0.27
43,3.8,0.0095,0.25
44,-0.0,-0.0,0.26
45,0.5,0.0011,0.22
46,-0.3913,-0.001,0.25
47,-1.9227,-0.0046,0.24
48,-0.0,-0.0,0.26
49,-1.9365,-0.005,0.26
50,0.1481,0.0004,0.26
51,0.6,0.0014,0.24
52,3.2,0.0074,0.23
53,1.3333,0.0032,0.24
54,-1.905,-0.0044,0.23
55,0.1667,0.0004,0.22
56,2.8,0.0064,0.23
57,1.6,0.0035,0.22
58,0.3333,0.0008,0.23
59,2.5,0.0058,0.23
60,2.5,0.006,0.24
61,-0.8,-0.0019,0.24
62,-1.7011,-0.0041,0.24
63,2.0,0.005,0.25
64,1.5,0.0038,0.25
65,-0.2,-0.0005,0.24
66,-0.6923,-0.0017,0.25
67,0.3333,0.0008,0.24
68,3.0,0.0075,0.25
69,2.8739,0.0072,0.25
70,-1.7063,-0.0039,0.23
71,2.375,0.0055,0.23
72,2.0,0.0044,0.22
73,-0.5149,-0.0011,0.21
74,1.125,0.0026,0.23
75,2.0,0.0046,0.23
76,-1.8209,-0.0042,0.23
77,2.0,0.0046,0.23
78,-1.0,-0.0023,0.23
79,-0.0,-0.0,0.22
80,0.9265,0.0023,0.25
81,2.0,0.0042,0.21
82,-1.8706,-0.0037,0.2
83,-0.0,-0.0,0.21
84,0.6,0.0013,0.22
85,3.0,0.0072,0.24
86,2.0,0.0046,0.23
87,1.0233,0.0023,0.22
88,-1.5238,-0.0035,0.23
89,0.8333,0.0018,0.21
90,1.0,0.0022,0.22
91,0.1695,0.0004,0.23
92,0.5,0.0012,0.25
93,0.3333,0.0008,0.24
94,-0.976,-0.0022,0.23
95,1.08,0.0025,0.23
96,1.0223,0.0024,0.23
97,1.0,0.0023,0.23
98,-0.9103,-0.0023,0.25
99,-1.1053,-0.0029,0.26
100,-1.9241,-0.0048,0.25
101,1.5,0.0039,0.26
102,0.8,0.002,0.25
103,1.4,0.0035,0.25
104,2.6667,0.0072,0.27
105,1.7143,0.0043,0.25
106,3.0,0.0078,0.26
107,1.0,0.0025,0.25
108,1.5,0.0038,0.25
109,-1.1538,-0.0029,0.25
110,1.087,0.0026,0.24
111,2.2857,0.0057,0.25
112,1.0992,0.0029,0.26
113,-1.1004,-0.0029,0.26
114,-2.5429,-0.0064,0.25
115,1.4048,0.0032,0.23
116,2.0,0.0044,0.22
117,0.9766,0.0024,0.25
118,-0.688,-0.0017,0.25
119,1.8,0.0043,0.24
120,2.0,0.0044,0.22
121,4.0,0.01,0.25
122,2.5,0.006,0.24
123,2.4,0.0058,0.24
124,1.3333,0.0033,0.25
125,1.0,0.0024,0.24
126,0.2857,0.0007,0.25
127,1.6,0.0042,0.26
128,1.0,0.0024,0.24
129,0.5,0.0013,0.26
130,2.0,0.005,0.25
131,2.4,0.0062,0.26
132,1.6667,0.0045,0.27
133,2.5,0.0068,0.27
134,0.4,0.0011,0.27
135,0.8333,0.0025,0.3
136,0.5,0.0016,0.33
137,-0.5758,-0.002,0.35
138,0.7303,0.0024,0.33
139,-0.88,-0.0029,0.33
140,2.5,0.0087,0.35
141,-0.4496,-0.0014,0.31
142,2.6,0.0075,0.29
143,1.0,0.0029,0.29
144,-2.1786,-0.0065,0.3
145,-0.0233,-0.0001,0.27
146,2.0,0.0054,0.27
147,1.3333,0.0032,0.24
148,1.0407,0.0024,0.23
149,0.6667,0.0016,0.24
150,0.5667,0.0013,0.23
151,-0.9172,-0.0021,0.23
152,1.4,0.0031,0.22
153,0.0714,0.0002,0.24
154,2.4,0.0062,0.26
155,1.8,0.004,0.22
156,1.0,0.0025,0.25
157,-0.1488,-0.0003,0.23
158,0.5,0.0012,0.23
159,1.8077,0.0045,0.25
160,1.5,0.0038,0.25
161,1.8,0.005,0.28
162,1.8571,0.0052,0.28
163,-0.1667,-0.0004,0.27
164,3.0,0.0087,0.29
165,-0.6923,-0.0018,0.26
166,3.4,0.0082,0.24
167,-2.1268,-0.0051,0.24
168,3.0,0.0066,0.22
169,1.0,0.0025,0.25
170,-0.1235,-0.0003,0.25
171,2.0,0.0048,0.24
172,0.7143,0.0019,0.27
173,-0.0,-0.0,0.25
174,0.5,0.0011,0.22
175,-0.8889,-0.002,0.22
176,3.0,0.0063,0.21
177,1.3333,0.0032,0.24
178,-0.336,-0.0007,0.22
179,1.5,0.0032,0.21
180,0.4444,0.0009,0.21
181,2.3333,0.0049,0.21
182,1.0,0.0023,0.23
183,-0.0,-0.0,0.23
184,1.0,0.0025,0.25
185,3.0,0.0069,0.23
186,2.8333,0.0071,0.25
187,-0.619,-0.0015,0.24
188,1.8,0.0045,0.25
189,0.3333,0.0008,0.24
190,3.0,0.0072,0.24
191,1.8,0.0043,0.24
192,1.7812,0.0041,0.23
193,1.6522,0.004,0.24
194,-0.2739,-0.0007,0.26
195,2.0092,0.005,0.25
196,0.2821,0.0006,0.23
197,-0.8065,-0.0021,0.26
198,0.25,0.0006,0.26
199,-0.7984,-0.0022,0.27
200,1.7045,0.0044,0.26
201,2.3333,0.0061,0.26
202,-2.1111,-0.0061,0.29
203,1.5,0.0038,0.25
204,1.1176,0.003,0.27
205,0.5,0.0014,0.27
206,2.5,0.0072,0.29
207,2.0,0.0054,0.27
208,-1.2,-0.0032,0.27
209,-0.3333,-0.0009,0.26
210,1.0,0.0029,0.29
211,1.0,0.0029,0.29
212,2.0333,0.0055,0.27
213,1.0571,0.0027,0.26
214,-0.0,-0.0,0.27
215,0.2,0.0005,0.26
216,1.7143,0.0043,0.25
217,0.4286,0.001,0.24
218,1.0,0.0022,0.22
219,3.5,0.007,0.2
220,2.0,0.0044,0.22
221,0.375,0.0008,0.22
222,1.5,0.0034,0.23
223,1.8,0.0043,0.24
224,2.5,0.0065,0.26
225,-1.0,-0.0023,0.23
226,1.5,0.0033,0.22
227,2.0,0.0042,0.21
228,2.0,0.0042,0.21
229,3.0,0.0066,0.22
230,-1.8376,-0.0039,0.21
231,0.6,0.0014,0.23
232,0.5714,0.0013,0.23
233,2.4,0.006,0.25
234,3.4,0.0085,0.25
235,3.0,0.0069,0.23
236,1.6,0.0037,0.23
237,1.0,0.0024,0.24
238,2.1667,0.005,0.23
239,-0.3333,-0.0008,0.23
240,-2.2308,-0.0054,0.24
241,1.0,0.0023,0.23
242,1.8,0.0036,0.2
243,-0.5926,-0.0012,0.21
244,-2.7672,-0.0061,0.22
245,2.5,0.0055,0.22
246,-2.748,-0.0063,0.23
247,-0.7455,-0.0016,0.21
248,1.6,0.0034,0.21
249,1.0741,0.0027,0.25
250,1.8,0.004,0.22
251,-0.3846,-0.001,0.25
252,2.0,0.0046,0.23
253,1.2727,0.0031,0.24
254,0.75,0.0017,0.23
255,0.8333,0.0018,0.22
256,0.4286,0.0009,0.2
257,2.0,0.0042,0.21
258,0.8519,0.002,0.23
259,2.0,0.005,0.25
260,2.4,0.0058,0.24
261,2.0,0.0048,0.24
262,0.0561,0.0001,0.25
263,0.4596,0.0011,0.25
264,1.4,0.0034,0.24
265,0.7143,0.0016,0.23
266,2.5,0.006,0.24
267,0.25,0.0006,0.25
268,2.1667,0.005,0.23
269,1.3333,0.0033,0.25
270,1.0,0.0023,0.23
271,3.0,0.0072,0.24
272,1.5,0.0036,0.24
273,3.0,0.0072,0.24
274,1.5,0.0039,0.26
275,-1.6174,-0.004,0.25
276,3.0,0.0075,0.25
277,1.1667,0.0027,0.23
278,0.6,0.0015,0.25
279,3.0,0.0072,0.24
280,1.8571,0.0046,0.25
281,0.5,0.0012,0.25
282,0.2,0.0005,0.24
283,1.0,0.0025,0.25
284,1.7879,0.0046,0.26
285,-0.0465,-0.0001,0.24
286,1.8,0.004,0.22
287,2.2,0.0048,0.22
288,3.8,0.0084,0.22
289,1.6667,0.0037,0.22
290,-0.25,-0.0006,0.23
291,1.6667,0.0037,0.22
292,1.5,0.0034,0.23
293,1.0,0.002,0.2
294,0.5882,0.0014,0.23
295,-0.0,-0.0,0.19
296,0.2,0.0004,0.2
297,2.0,0.004,0.2
298,1.4,0.0028,0.2
299,1.5,0.0027,0.18
300,0.1429,0.0003,0.19
301,1.1429,0.0023,0.2
302,1.1667,0.0024,0.21
303,1.8,0.0038,0.21
304,-0.5,-0.001,0.2
305,2.2,0.0046,0.21
306,1.6,0.0032,0.2
307,1.3333,0.0027,0.2
308,0.5,0.001,0.19
309,1.0,0.0019,0.19
310,2.2857,0.0046,0.2
311,3.2857,0.0066,0.2
312,1.0,0.0021,0.21
313,-0.0,-0.0,0.21
314,2.75,0.0061,0.22
315,1.2,0.0028,0.23
316,1.0,0.0024,0.24
317,-0.3333,-0.0008,0.23
318,-0.0,-0.0,0.24
319,1.0,0.0026,0.26
320,3.0,0.0069,0.23
321,1.1667,0.0029,0.25
322,0.5,0.0012,0.23
323,2.0,0.0048,0.24
324,3.5,0.0077,0.22
325,-2.5,-0.0058,0.23
326,2.0,0.0042,0.21
327,-2.6296,-0.0063,0.24
328,2.8,0.0062,0.22
329,-0.4737,-0.0009,0.2
330,0.4444,0.0009,0.21
331,1.4444,0.0035,0.24
332,0.4,0.001,0.24
333,2.0,0.0048,0.24
334,2.0,0.0052,0.26
335,0.0556,0.0002,0.3
336,0.5,0.0016,0.31
337,1.5,0.0045,0.3
338,2.0,0.0064,0.32
339,1.0,0.0037,0.37
340,1.0,0.0032,0.32
341,-2.7523,-0.0077,0.28
342,-2.9322,-0.01,0.34
343,-0.5,-0.0016,0.33
344,-2.7468,-0.0082,0.3
345,0.4,0.0012,0.31
346,2.3333,0.0096,0.41
347,2.6667,0.0115,0.43
348,2.2222,0.0091,0.41
349,1.2,0.0065,0.54
350,1.6667,0.0117,0.7
351,2.0,0.0106,0.53
352,2.0,0.0,0.0
353,1.0,0.0,0.0
354,2.6,0.0,0.0
355,0.8571,0.0,0.0
356,1.0,0.0,0.0
357,-1.5319,0.0,0.0
358,2.5,0.0,0.0
359,1.2857,0.0,0.0
360,0.6667,0.0,0.0
361,1.5,0.0,0.0
362,-0.5,0.0,0.0
363,-2.8313,0.0,0.0
364,-0.9903,0.0,0.0
365,2.0,0.0,0.0
366,0.04,0.0,0.0
367,1.3333,0.0,0.0
368,0.6,0.0,0.0
