position,fubar_score
1,0.7865808288548631
2,0.8409158937346743
3,0.8409158937346743
4,0.7774816597339018
5,0.7920147142029981
6,0.7727218276525466
7,0.8087606390886433
8,0.7999490248842597
9,0.7885513860207468
10,0.662599192243142
11,0.7036857925482257
12,0.544511951806053
13,0.5343951694164699
14,0.5306652049612055
15,0.6319074783119202
16,0.2516776535178175
17,0.4084026104972701
18,0.6319074783119202
19,0.5601260476497104
20,0.1300084327704842
21,0.6200277887640268
22,0.5601260476497104
23,0.552147611759704
24,0.1574106905939611
25,0.6604258748050651
26,0.1771624610704989
27,0.2516776535178175
28,0.5343951694164699
29,0.1429939702895545
30,0.6332321783121935
31,0.1450868011624198
32,0.5110957180775583
33,0.4084026104972701
34,0.1688811803778441
35,0.5343951694164699
36,2.845212940847027
37,1.886784993602203
38,2.080236621880941
39,0.5693232923840056
40,0.2516776535178175
41,0.5437295741369746
42,0.432286281235413
43,3.286169840070688
44,0.1394995055476918
45,0.1574106905939611
46,0.5520690060454075
47,0.1551700623590961
48,0.6332321783121935
49,0.432286281235413
50,0.1574106905939611
51,0.6530339675483097
52,0.1501316913060714
53,2.758975937875309
54,0.5423630979882859
55,0.43272253577237
56,0.5693232923840056
57,5.736871389090429
58,0.1835716085498871
59,0.432286281235413
60,0.1688811803778441
61,0.1835716085498871
62,0.432286281235413
63,0.3075295808570323
64,0.1773037168747794
65,0.1745196359067015
66,0.5110957180775583
67,0.1734936314308702
68,0.5693232923840056
69,0.672654420954031
70,0.2680562593988979
71,0.1110079339724018
72,10.60460597235911
73,0.432286281235413
74,0.5693232923840056
75,0.1178437100175188
76,0.5423630979882859
77,0.1485493176806907
78,0.5110957180775583
79,0.6200277887640268
80,0.6200277887640268
81,1.606549777243159
82,0.1451872443352037
83,0.5343951694164699
84,0.1294250511118297
85,0.662599192243142
86,0.7036857925482257
87,0.4084026104972701
88,0.5652440921021956
89,0.4676073017900942
90,0.5806930355361334
91,0.5102843287520982
92,1.036936573114072
93,0.125428481513237
94,0.4750726226617026
95,0.1764445276627497
96,0.4548908065844867
97,0.5489009708351055
98,0.4471573633819498
99,0.5292108528816304
100,0.3129806485768796
101,0.1835716085498871
102,0.4778215406217927
103,0.4676073017900942
104,0.4983508982792861
105,2.690056045013612
106,0.1820381348361581
107,0.5693232923840056
108,2.722486509173647
109,0.5110957180775583
110,0.1419570742608142
111,0.1564885302942136
112,0.5693232923840056
113,0.1800414325603396
114,0.151346984888562
115,0.5733819671934989
116,0.1726681058221414
117,0.1773037168747794
118,0.1688811803778441
119,0.1338900237485063
120,0.1804782377793566
121,0.1512973360944028
122,0.4728788726671457
123,1.324303630102
124,0.1677571167666991
125,0.43272253577237
126,0.4471573633819498
127,0.5520690060454075
128,0.1512973360944028
129,0.1341532862329041
130,0.610852025915934
131,0.7014410537320023
132,0.6513985014601059
133,0.5520690060454075
134,0.5423630979882859
135,0.3222746750538131
136,0.5110957180775583
137,0.7036857925482257
138,0.4750726226617026
139,0.672654420954031
140,0.4548908065844867
141,0.672654420954031
142,0.4676073017900942
143,0.4548908065844867
144,0.3297760390518875
145,2.374104674749702
146,0.1205781168663709
147,0.7230439099801793
148,0.01198379824963427
149,0.01371076672167533
150,0.313762808695643
151,0.006590386539227111
152,0.002161621506009714
153,0.03266209858998612
154,0.002322485646924425
155,0.002490630674407774
156,0.0008604958460688576
157,0.001580269683113235
158,0.197423771137475
159,0.49560864258729
160,0.1527879274643239
161,1.977463383351242
162,7.048134314294956e-11
163,1.098324431610438
164,1.333433059652235e-05
165,3.07928992878092e-05
166,0.9311559989679621
167,1.152216875893529e-14
168,32.47476729887852
169,5.526785650472431e-05
170,7.704949655943162e-10
171,1.546212339466611e-13
172,1.099206240748721e-09
173,6.077625282907394e-11
174,2.637973427413099e-14
175,2.30321579696101e-15
176,81.76987744253826
177,3.679827961924582e-15
178,1.763082901660777e-12
179,0.0009107142429125385
180,0.03285340281508727
181,3.00680796825623e-07
182,0.002640238138110299
183,0.5733080435182349
184,0.4194789456335201
185,0.03391254211466705
186,3.067138234571167e-17
187,0.9885781839179867
188,0.9766687773482751
189,0.9815452860516568
190,0.9824403830283519
191,0.9846909657271468
192,0.9829331089161609
193,0.9819201341698098
194,0.9813854205930524
195,0.9846909657271468
196,0.9880320189994694
197,0.9829342120734069
198,0.9815452860516568
199,0.9913695347106176
200,0.9863102338385349
201,0.9865928689321971
202,0.9765803552594983
203,0.9829331089161609
204,4.167018055189272e-10
205,2.83114690813116e-16
206,0.01427800644247778
207,4.198618341652304e-12
208,6.910778911039735e-10
209,0.9829331089161609
210,0.9859188610137763
211,0.9831426436728131
212,0.9832046849752778
213,0.9844933337938724
214,0.9863340992966898
215,0.9927742753623351
216,0.985067934955384
217,0.9868522189913012
218,0.9839485902096928
219,0.9838637787821293
220,1.108805713110259e-14
221,3.701200135960097e-10
222,7.016833511538748e-18
223,5.150853331115999e-07
224,2.195088939919704e-05
225,0.5977143953161056
226,0.05705449490216301
227,0.4479288922013899
228,1.344589482829184e-10
229,48029.58756487048
230,0.9885781839179867
231,0.9813854205930524
232,0.9833090358680387
233,0.9822952366445801
234,0.9913695347106176
235,1.251440083622423e-09
236,0.1517095801366816
237,1.359821679594333e-12
238,0.001788484121201226
239,0.1222680512948746
240,0.008612255652937545
241,4.545204012880967e-08
242,0.0003852167961468983
243,3.233094151658843e-09
244,3.312484562248054e-13
245,1.303628740807442e-09
246,6.370168801128904e-12
247,0.9833090358680387
248,0.9839861174557255
249,0.9829331089161609
250,0.9836746451388471
251,0.9832046849752778
252,0.9815452860516568
253,0.9836905329208188
254,0.9836746451388471
255,0.983138082865121
256,0.9888632599238538
257,0.9866822798506263
258,0.9824403830283519
259,0.9813854205930524
260,0.9843606959929285
261,0.985067934955384
262,0.9813854205930524
263,0.9813854205930524
264,0.9829331089161609
265,0.9844805241838112
266,0.9844805241838112
267,0.9854259994795056
268,0.9766687773482751
269,0.987882911248337
270,0.9871775396440282
271,0.9826386073658075
272,0.9810509038487895
273,0.9833090358680387
274,0.983138082865121
275,0.9852269631669823
276,0.9944898049234099
277,0.9829364696009835
278,0.9865383711448877
279,0.983138082865121
280,0.987882911248337
281,0.9810509038487895
282,0.9831426436728131
283,0.9927742753623351
284,0.9844805241838112
285,0.9851959815001855
286,0.9819201341698098
287,0.9824403830283519
288,0.9853723700485054
289,3.365810150959241e-05
290,0.1963678491826267
291,0.007745010486096568
292,24.68493743181762
293,0.01284375641706071
294,0.003044277801587396
295,1.040970998564135e-06
296,1.432427759119846e-07
297,0.002432705321696798
298,7.582659301094092e-06
299,6.06993700371333e-05
300,1.40542128234446e-09
301,4.343274038781837e-05
302,2.992080698246234e-16
303,0.9765803552594983
304,0.983428320320667
305,0.9843606959929285
306,0.9829331089161609
307,0.9829342120734069
308,0.9844805241838112
309,0.9846909657271468
310,0.985256659575338
311,0.9838637787821293
312,0.9903784188196262
313,0.9765803552594983
314,0.9888632599238538
315,0.9860142649699586
316,0.9865383711448877
317,0.9852269631669823
318,0.986828187973813
319,0.9808942067333948
320,1.341650761796449e-05
321,2.616595873406593e-13
322,0.05797410082677917
323,1.415744755270612e-10
324,8.508916853093855e-11
325,3.8145756763442e-06
326,0.003051747422457482
327,3.706579110389248e-10
328,1.445226631111369e-08
329,3.967460180963013e-06
330,0.9871775396440282
331,0.9853723700485054
332,0.9815452860516568
333,2.68483539294474e-16
334,2.464890597575294e-14
335,3.324246746756634e-12
336,1.811918446203353e-07
337,2.089691450214187e-15
338,0.06968031952989945
339,3.758850546624524e-12
340,4.343658571960629e-17
