position,fubar_score
1,0.0178266252631246
2,0.06409739044940715
3,0.1255556900671654
4,0.0162992449220141
5,0.08908920681522042
6,0.003245789843222922
7,0.001287959352160669
8,0.5561361256057122
9,0.9726424287774734
10,0.001102756466383745
11,0.003315313013868209
12,0.9951325393226303
13,0.06528636614728349
14,0.1041822625632306
15,0.007128404756961968
16,0.1449283070166903
17,0.01636056582866517
18,0.02493197567000636
19,0.1060711165728153
20,0.2092943353481429
21,0.01806563527058083
22,9.266660398285893e-07
23,0.2786877194490138
24,0.0001018221014400424
25,0.2006810471641701
26,0.007404536078434339
27,0.06514036974876905
28,0.004327186426130918
29,0.0004581989755498614
30,0.02008521468992955
31,0.0005186767888919968
32,0.0276048606625941
33,0.01046982125298187
34,0.003304047614604919
35,0.001482612022819656
36,0.002538531268967338
37,0.04453491262791756
38,0.0881417696110349
39,0.01129416658517727
40,0.006826944632335707
41,0.1937308020994758
42,0.1281818731344582
43,0.004252060518813919
44,0.0001366114773182393
45,0.1413512188852539
46,0.2411317220680502
47,0.1091790910461072
48,0.0006459974802704762
49,0.005406646930808398
50,6.03510054656767e-05
51,0.04525355803112444
52,0.2809536068223997
53,0.1761009962160131
54,0.0001164427291831072
55,0.1374038052978626
56,0.01193387894809204
57,0.05883665577724501
58,0.006206101948274554
59,0.05586927941711371
60,0.06561084315441792
61,0.02513308002287451
62,0.03192692070769805
63,0.1024910473168625
64,0.1322534424992912
65,4.124956317026685e-05
66,0.05100812365895561
67,0.06102865652087863
68,0.08070811410823162
69,0.0003157801354493493
70,0.1592423206218044
71,0.00414542386071706
72,0.03912478978569389
73,3.747681134479568e-11
74,0.05689195674770231
75,0.1544169039763205
76,0.001640786519727192
77,0.2602711505735692
78,0.0001530273573447952
79,0.0600043977884193
80,9.341243385980317e-05
81,0.02009485561883553
82,0.06821889168151833
83,0.0002065387479300715
84,0.02392314229293801
85,0.001057880803986426
86,0.04509090734438458
87,0.005220709707732796
88,0.05187913837494248
89,0.0008621853345536101
90,0.002012136862523465
91,0.000241416336301138
92,0.0628911809563765
93,0.001270710628510296
94,0.03202799851704289
95,2.866495348693908e-05
96,0.003080893453450592
97,0.0178266252631246
98,0.01800483278822591
99,0.06243810116925781
100,2.005201998762645e-05
101,0.03087245625397581
102,0.03141040468561602
103,0.01654399167520295
104,0.06522122643559206
105,0.02784582012679461
106,0.00115944144457821
107,0.01868630532466905
108,0.3984274697056394
109,0.3984820366436365
110,0.06362954253397402
111,0.001673681533416493
112,0.001300852433304198
113,0.07390276482592738
114,0.007074963498232505
115,0.2212108266606226
116,0.5574860802178156
117,0.01443643761500175
118,0.004369343950668307
119,0.4925698197232367
120,0.07068470206635184
121,0.09634235441692335
122,0.4475073837795018
123,0.01120054730520955
124,0.3750003230427504
125,0.002574558773620442
126,0.008328486218493894
127,0.237131675246969
128,0.0052384715297051
129,0.06405333296853113
130,0.1156357870434494
131,0.0562140599612802
132,0.005285201437676095
133,0.03454512460030672
134,0.0148419930368194
135,0.0001450989558810019
136,0.08706226236949718
137,0.03981546743949578
138,0.00018817221308294
139,0.0008993089945681234
140,0.001078398696428091
141,0.000429746460111336
142,0.05438796535785355
143,0.2848976519679834
144,0.001051115097600363
145,0.01871295387110671
146,0.3185199337129661
147,0.01129416658517727
148,2.790905805405811e-07
149,0.01499033172075913
150,0.02889477621773736
151,0.0007046278339491906
152,0.08179865024423322
153,2.944496505379155e-05
154,0.000710472903027061
155,0.00140375213311892
156,7.780383610931694e-05
157,0.02406794153243467
158,0.0003172854322976455
159,0.175682661650174
160,0.0004635252353899173
161,0.06821889168151833
162,4.526928947798552e-05
163,0.005673567628074553
164,0.4631682674889147
165,0.06518780470190233
166,0.008110867368008416
167,0.0005851267834803247
168,0.0148419930368194
169,0.3889799388994867
170,0.007403449067386202
171,0.0003148320145231958
172,0.009666128144843945
173,0.1630204579378
174,3.649048062964851e-05
175,0.06519420427031435
176,1.636017048910783e-05
177,0.007475238138228032
178,0.0001425858532925988
179,0.000255028682718543
180,0.3218427464508346
181,0.0008159560752874975
182,0.0006534691723686039
183,0.02844271577653973
184,0.001254495650849807
185,3.920354439540818e-05
186,0.02889477621773736
187,0.0006741690042115742
188,0.003852409802090801
189,0.02499667727173456
190,0.7154438496445998
191,0.007546352664746677
192,0.01589794961889645
193,5.729742661618752e-05
194,0.02475413851582396
195,0.01708054812371048
196,0.001070056980630787
197,0.002537939553937976
198,0.009702356438581139
199,0.00909655951130267
200,0.003626349952832961
201,0.1525731157905641
202,0.001778028467479926
203,0.0006145693898528851
204,0.0008797833983943666
205,4.805505498838186e-07
206,0.1187501261088554
207,5.81558821313582e-05
208,0.0450667352584985
209,0.07591263901626959
210,0.006570345641055409
211,0.01482884214541812
212,0.002296906747759773
213,0.3463990861585933
214,6.690603205667818e-05
215,0.04176103148020041
216,0.02618338564435672
217,0.000544348057425621
218,9.45479182691455e-05
219,0.001241111828119291
220,0.0025130430222181
221,0.00909655951130267
222,0.005686906340102546
223,0.003096388265807993
224,0.006495039135803139
225,0.0320665390985264
226,0.2251592037651897
227,0.06512636409353506
228,0.1797665159269321
229,0.003501811940969319
230,0.004938800257835734
231,7.959493190832286e-05
232,0.01376186673882981
233,0.01420276374190386
234,0.1187145284338376
235,0.0008056651324124731
236,0.01102532537835238
237,0.001020723659604099
238,0.02889477621773736
239,1.933283409592672e-06
240,0.03751491378054708
241,0.001845492298762979
242,0.01176669159775179
243,6.463161237977067e-06
244,5.706722951472657e-05
245,2.145514525822916e-05
246,0.005324183486980287
247,0.0004740307202487279
248,0.2028487721521308
249,0.0004762555157364689
250,0.05727250523695829
251,0.0178266252631246
252,0.003858365367044036
253,0.006206101948274554
254,0.007906051232702105
255,0.02889477621773736
256,0.0005484330469203259
257,0.01663967492877565
258,0.001916755780285579
259,0.01846789146417499
260,0.0008433563557661735
261,0.01020764463860237
262,0.1571920972262161
263,0.04118569013258171
264,0.01786768294145819
265,0.005371550791657092
266,0.00909655951130267
267,0.02059832494968779
268,0.03751491378054708
269,0.001168358120778019
270,0.2476064760579118
271,0.01144648511648517
272,0.001622350857305658
273,0.08583770461521674
274,0.0178266252631246
275,0.003689120928759311
276,0.1502674397880679
277,0.03751491378054708
278,0.04698102070777643
279,0.0320665390985264
280,0.00909655951130267
281,0.001056558791370215
282,0.0002828375419896828
283,0.0004580347503636032
284,0.003314969157882225
285,0.005999994329506344
286,0.01554569949280767
287,0.002136711527529167
288,0.2721893061771622
289,0.0178266252631246
290,0.0003355667275382546
291,0.05603701398780058
292,0.00909655951130267
293,0.003814548212263916
294,0.0004861436323852517
295,0.06353852519503221
296,0.004716793944600642
297,0.0001827533293930525
298,0.001858319167147522
299,0.04509090734438458
300,0.004923570504161778
301,0.003648399282921586
302,0.03046665682424571
303,0.02645680459618299
304,0.003446385791569129
305,0.187698537377389
306,0.04509090734438458
307,0.002629427935092848
308,0.0008061753158372312
309,0.0005052518416771933
310,0.005951874821916613
311,5.485540369465987e-06
312,0.0005710555044068323
313,0.0003174307843761551
314,0.1669937126740469
315,0.1405670580700764
316,0.001885874663375734
317,0.175682661650174
318,0.002571332984470152
319,0.164822548528708
320,0.04052559911947748
321,0.01050417594232668
322,0.007178872359495524
323,0.0002884495573824011
324,0.5155384463049049
325,0.3630331175402636
326,0.1140985754839007
327,0.04775097028207606
328,0.0003351737253028956
329,8.803323131750036e-10
330,0.003103439735171955
331,0.01918781488473447
332,0.02057656877973043
333,0.002368268697508598
334,0.08560566519160837
335,0.01472576432810483
336,6.124165944252247e-05
337,0.0005318796041846662
338,0.0003647374281605406
339,0.0006701648661553576
340,0.0001428283960656475
341,0.05015434835592547
342,0.0009456642118199703
343,0.03308075630728221
344,0.001600776455957413
345,0.03751491378054708
346,0.001872680308914436
347,0.003421393782851849
348,0.2932211202887292
349,0.0007075340424321329
350,0.0108005134964793
351,0.007350399676919915
352,1.788108888941548e-05
353,0.008489422442100294
354,0.0005552039803246799
355,0.0003216992285314044
356,0.0008343926917939186
357,0.03970151035921547
358,0.001456189069359044
359,0.002644401869750768
360,0.0002182612032625708
361,0.001358922121126844
362,0.002419627311042465
363,0.001736833446480056
364,8.998935487272285e-05
365,0.0002776392496323183
366,0.0276048606625941
367,0.001459930974671772
368,0.0007098232821309296
369,0.001065604951045425
370,0.0178266252631246
371,0.2290202645199954
372,0.00598395684251983
373,9.696661965033084e-05
374,0.002583178360593946
375,0.003846210222325394
376,0.000227708280839236
377,0.3603878228581424
378,9.295410180732345e-06
379,0.01558032760728544
380,0.1492552100733535
381,0.003055805931598043
382,0.01073013401761574
383,0.01594187549883424
384,0.3622289330907321
385,0.2024423437063353
386,0.00909655951130267
387,0.04959515890840318
388,0.002700510637504561
389,0.08336833373868856
390,0.001055077373629673
391,0.01049300968982575
392,0.00564131516849666
393,0.05719545778956207
394,0.0148419930368194
395,0.002896653207536915
396,0.0178266252631246
397,0.006206101948274554
398,0.003382141138400368
399,0.0148419930368194
400,0.002556547051742034
401,0.005694406268888432
402,0.005054176366546395
403,0.05169482139516927
404,0.05165466364230523
405,2.893221441447561e-07
406,0.005334610713637622
407,0.001321226557655087
408,0.005445237814126198
409,0.03929804886201742
410,0.007417234837018576
411,0.0006451161088290715
412,0.01175105665939651
413,0.006127437093726551
414,0.01600258739000292
415,0.0883799920811516
416,0.004402965096385132
417,0.04509090734438458
418,0.01806640421669933
419,0.01400469953055336
420,0.0008799364776035363
421,0.00263335966077253
422,2.178823687415608e-06
423,0.005445237814126198
424,0.01129416658517727
425,0.2422726956290772
426,0.001648099471687096
427,0.0148419930368194
428,0.03751491378054708
429,0.02726477635029584
430,0.0001968512106817488
431,0.0668770099101084
432,0.001467796701532776
433,0.2187903280709558
434,0.02174050098496743
435,0.001773097619635505
436,0.4301422000937545
437,0.0001232686698936307
438,1.805551528596816e-05
439,0.01155079438625027
440,0.02155534506550024
441,0.1751334260644221
442,0.002512992038203129
443,0.3993341765524336
444,0.001631367952552772
445,2.501333689227657e-06
446,0.006583786906953987
447,0.000391934193811295
448,0.0002404307211582825
449,0.01001415283119204
450,1.680713329314524e-05
451,0.03538524197702511
452,0.006183306549408745
453,2.158045975465003e-05
454,0.06218039914243723
455,0.05215550710845419
456,0.003915446861855461
457,0.002678948352209241
458,0.1765229852359405
459,0.04648748479846144
460,0.05289038339406742
461,0.01740761048526799
462,0.002194500513753914
463,0.0008371066380236699
464,2.667361902693182e-05
465,0.0004880666333315353
466,0.04461649188155001
467,0.01277254758101217
468,0.1765328499063877
469,0.0002724248984208622
470,0.0148419930368194
471,0.0002920178145157087
472,0.0003981576147941683
473,2.390869246681266e-05
474,0.001468132793407411
475,0.05624770882717403
476,0.03749067627410108
477,0.5832236039198236
478,0.01050498892490443
479,0.1536276714112777
480,0.0004994557887086727
481,5.968381229453716e-06
482,0.0007951670981163277
483,7.501256582177567e-05
484,1.676257218895696e-05
485,0.5634903428101506
486,0.1345540592446869
487,0.02008521468992955
488,0.0276048606625941
489,0.08332620344210577
490,6.467283478797583e-05
491,0.1389424218866071
492,0.001461644685821056
493,0.02549589384742186
494,0.08703683443361851
495,0.02790317722897773
496,0.001690939631519637
497,0.00105852733039951
498,0.0005888359550938039
499,0.002709949431439063
500,0.008120596383881426
501,0.01205278663001544
502,0.001201322094708367
503,2.614175356228809e-08
504,0.001693506525609722
505,0.0276048606625941
506,0.005254600989654021
507,0.0472050187897742
508,0.1502362071483681
509,2.849454869908458e-06
510,0.02878208118619966
511,0.01102532537835238
512,0.01663967492877565
513,0.00038177830987033
514,0.01871887847700347
515,0.1571920972262161
516,0.003725769176399018
517,0.1357566773696074
518,0.2714333113843496
519,6.257663923342968e-05
520,0.002651051899685939
521,0.02075849235425139
522,0.000811407750453928
523,0.02059531190910674
524,0.03073434186902236
525,0.06687804501354074
526,0.0178266252631246
527,0.0115909887521714
528,2.41092273141776e-05
529,0.02121876183719017
530,0.004894834597072641
531,0.0006401753883588631
532,0.00205162778745365
533,0.0008058553740288411
534,0.0007563053492153441
535,0.01817584720100103
536,0.102164700714381
537,0.1405429800565317
538,0.07303327093866194
539,0.003841685479448043
540,0.0763909129165813
541,0.01663967492877565
542,0.02616161469736802
543,0.004899043022476029
544,0.03058217671018362
545,0.02655978541742097
546,0.02899161957763701
547,0.1533459768650398
548,2.120212875653762e-05
549,0.01853732002357421
550,0.0240539275482404
551,0.00556447599879081
552,0.08735168865621347
553,0.07598284589692951
554,0.8010430204484719
555,0.002184705299674136
556,0.04973064800081185
557,0.000276375664274226
558,0.002604625578727985
559,0.01270323455215605
560,0.1924166243114251
561,0.0001723374056532777
562,0.007581828054827881
563,5.391997697302645e-05
564,2.883358826941732e-06
565,0.1254765291365628
566,0.01428424639308978
567,0.007093197082841333
568,0.4156114727710137
569,0.009457162511183018
570,0.5260929823341771
571,0.01291632267411405
572,0.007970739541792067
573,0.00230839039541644
574,0.690844562170696
