position,tranception_score
0,4.769064903259277
1,3.1489710807800293
2,2.993924617767334
3,4.578426361083984
4,2.6638388633728027
5,3.013465404510498
6,2.3878469467163086
7,3.6228396892547607
8,3.14459228515625
9,2.6708321571350098
10,3.939800500869751
11,2.3405158519744873
12,2.39992094039917
13,2.4075396060943604
14,4.195853233337402
15,2.318798303604126
16,2.230194568634033
17,2.455328941345215
18,2.5507194995880127
19,3.7967467308044434
20,1.806093692779541
21,0.9099762439727783
22,1.331207275390625
23,2.5351336002349854
24,1.3237601518630981
25,1.8551350831985474
26,3.2151856422424316
27,2.004396915435791
28,0.7272652983665466
29,0.1738407462835312
30,1.4110028743743896
31,2.194830894470215
32,1.4354745149612427
33,2.758066177368164
34,2.940732002258301
35,3.1831278800964355
36,2.153031349182129
37,1.4400269985198975
38,1.9542580842971802
39,3.563434600830078
40,1.3297513723373413
41,2.7381296157836914
42,1.2948967218399048
43,1.9258105754852295
44,0.92354416847229
45,2.7328453063964844
46,2.1513733863830566
47,2.1977572441101074
48,2.11850905418396
49,2.3358330726623535
50,2.300718307495117
51,3.6701436042785645
52,4.327023506164551
53,2.2917580604553223
54,1.7538809776306152
55,2.7275733947753906
56,2.904162645339966
57,1.8832807540893555
58,3.210975170135498
59,3.015437602996826
60,1.8144896030426025
61,0.4641302824020386
62,1.6206753253936768
63,0.918802797794342
64,2.458601474761963
65,2.6511459350585938
66,2.099773406982422
67,3.7639694213867188
68,2.326636791229248
69,2.898388624191284
70,3.5891759395599365
71,2.8199856281280518
72,2.6614394187927246
73,0.5874252915382385
74,0.36272817850112915
75,2.669220447540283
76,3.533231735229492
77,2.5937318801879883
78,2.0171170234680176
79,2.5107288360595703
80,3.4338483810424805
81,2.6060400009155273
82,2.76676082611084
83,2.3585033416748047
84,3.9519708156585693
85,2.2518601417541504
86,2.489372968673706
87,2.6270925998687744
88,4.037620544433594
89,1.847288966178894
90,1.878291130065918
91,0.04021180048584938
92,1.4877057075500488
93,1.5015532970428467
94,2.137214183807373
95,4.3171467781066895
96,3.0671682357788086
97,0.10457082092761993
98,2.2957773208618164
99,0.011163395829498768
100,0.03743633255362511
101,0.016196226701140404
102,0.17134398221969604
103,0.13321252167224884
104,1.1550971269607544
105,0.06712601333856583
106,0.19154368340969086
107,0.11358559131622314
108,0.10701914876699448
109,1.090170979499817
110,0.02065283991396427
111,0.91517573595047
112,1.2127251625061035
113,2.4959495067596436
114,0.10488183796405792
115,0.011690324172377586
116,0.3425520956516266
117,1.8313508033752441
118,0.21967150270938873
119,2.0291316509246826
120,0.05048961937427521
121,1.9606950283050537
122,3.7598326206207275
123,3.213743209838867
124,3.577317714691162
125,2.0573830604553223
126,3.983051061630249
127,2.031737804412842
128,3.7061548233032227
129,1.9446539878845215
130,2.8731143474578857
131,3.5108494758605957
132,3.394460678100586
133,3.1772890090942383
134,2.204951763153076
135,2.1069579124450684
136,1.8739701509475708
137,1.968944787979126
138,1.6924586296081543
139,4.289727687835693
140,1.269848108291626
141,2.547804832458496
142,1.0476279258728027
143,2.882326126098633
144,2.7544827461242676
145,3.028353452682495
146,3.3907470703125
147,3.212894916534424
148,2.37480092048645
149,3.784924030303955
150,3.8174281120300293
151,2.392634391784668
152,2.4297590255737305
153,6.135828495025635
154,3.3348679542541504
155,3.539400100708008
156,3.315573215484619
157,3.6234378814697266
158,3.8019704818725586
159,2.4100699424743652
160,3.079467296600342
161,3.397914171218872
162,4.098178386688232
163,3.4440126419067383
164,3.4177799224853516
165,2.7698397636413574
166,1.718113660812378
167,3.2022628784179688
168,1.598162293434143
169,1.949538230895996
170,2.957589626312256
171,4.15130615234375
172,2.790257453918457
173,2.8500845432281494
174,3.2481422424316406
175,2.620410442352295
176,3.2159852981567383
177,2.7434563636779785
178,2.093482494354248
179,1.07224440574646
180,2.0503125190734863
181,2.0551018714904785
182,2.213724136352539
183,1.217883825302124
184,3.2997512817382812
185,1.2995681762695312
186,3.9563112258911133
187,1.9240777492523193
188,3.6214897632598877
189,6.478925704956055
190,2.750068426132202
191,2.209376096725464
192,3.5974652767181396
193,2.652165174484253
194,2.780005693435669
195,3.0337018966674805
196,2.3205554485321045
197,3.994610071182251
198,2.3733372688293457
199,2.2002205848693848
200,3.470590591430664
201,2.9159369468688965
202,2.6196112632751465
203,1.8568474054336548
204,2.0674936771392822
205,3.718806266784668
206,2.20400333404541
207,2.2227888107299805
208,2.2582106590270996
209,3.1625099182128906
210,2.9058713912963867
211,1.8624248504638672
212,2.861609697341919
213,3.3878695964813232
214,1.3296526670455933
215,1.869126319885254
216,3.947101593017578
217,3.937116861343384
218,3.9143130779266357
219,2.2426528930664062
220,2.866225481033325
221,2.751162528991699
222,2.5958657264709473
223,2.9193496704101562
224,3.7200686931610107
225,3.7755115032196045
226,2.7582435607910156
227,2.8580942153930664
228,2.7206015586853027
229,3.4224371910095215
230,2.795948028564453
231,2.972724437713623
232,2.800382614135742
233,3.4026999473571777
234,3.367154121398926
235,2.8350024223327637
236,3.205946922302246
237,2.7838382720947266
238,2.426593780517578
239,1.7216742038726807
240,2.1921045780181885
241,1.6717007160186768
242,3.885087490081787
243,2.7059898376464844
244,2.403076171875
245,2.7593069076538086
246,2.477583169937134
247,2.2129902839660645
248,4.597044467926025
249,2.740614891052246
250,2.85931396484375
251,3.590217113494873
252,3.2046003341674805
253,3.163405179977417
254,2.3148279190063477
255,2.6061573028564453
256,2.0577569007873535
257,2.3445329666137695
258,2.3451459407806396
259,2.2689576148986816
260,3.758798837661743
261,2.461456298828125
262,2.687497615814209
263,2.553537130355835
264,2.2983243465423584
265,2.6689321994781494
266,2.5912485122680664
267,1.7643139362335205
268,1.623942494392395
269,2.3172080516815186
270,0.7607036828994751
271,2.8066935539245605
272,1.904869556427002
273,2.578139543533325
274,2.8530635833740234
275,1.546580195426941
276,3.3579976558685303
277,2.482539653778076
278,4.061391830444336
279,2.877621650695801
280,3.842237949371338
281,2.6943535804748535
282,3.2246689796447754
283,1.3898981809616089
284,2.0939533710479736
285,2.2793593406677246
286,0.47796064615249634
287,2.867403745651245
288,3.3884799480438232
289,2.013295888900757
290,1.0375674962997437
291,1.2899752855300903
292,1.6200848817825317
293,2.060245990753174
294,2.9768030643463135
295,1.493591070175171
296,1.966973066329956
297,1.6201810836791992
298,3.0803613662719727
299,1.2408535480499268
300,1.8025000095367432
301,0.28665876388549805
302,1.7560425996780396
303,1.595933437347412
304,1.723981261253357
305,1.9993377923965454
306,3.593636989593506
307,0.8195205926895142
308,1.1900382041931152
309,3.67647647857666
310,3.138575315475464
311,2.0094213485717773
312,1.3716384172439575
313,2.596065044403076
314,1.3672014474868774
315,4.4222259521484375
316,2.247753143310547
317,1.9191447496414185
318,2.513239860534668
319,2.5211868286132812
320,2.8238155841827393
321,4.780299186706543
322,2.5213983058929443
323,0.6764588952064514
324,1.8484209775924683
325,0.7396520972251892
326,3.5813019275665283
327,1.4042510986328125
328,0.42625364661216736
329,1.0017160177230835
330,2.9005379676818848
331,0.15255333483219147
332,2.8647046089172363
333,0.2045702189207077
334,1.749353289604187
335,2.809964656829834
336,3.5858278274536133
337,1.9988189935684204
338,0.01635960303246975
339,1.7507438659667969
340,0.6460258364677429
341,0.7004989385604858
342,3.54567551612854
343,2.720651388168335
344,3.32955002784729
345,2.3466501235961914
346,3.047313928604126
347,1.7149889469146729
348,4.631832599639893
349,3.341411590576172
350,2.4899587631225586
351,2.4797608852386475
352,2.239278793334961
353,2.0290989875793457
354,2.5175015926361084
355,1.8772462606430054
356,2.835386037826538
357,0.9013200402259827
358,1.8000136613845825
359,1.850251317024231
360,3.085691213607788
361,2.493760824203491
362,2.046137571334839
363,1.6128768920898438
364,1.8978673219680786
365,2.392601490020752
366,5.838589668273926
367,2.3046183586120605
368,2.7263054847717285
369,2.9905691146850586
370,2.6722261905670166
371,2.5101380348205566
372,1.3372207880020142
373,3.4554710388183594
374,3.6591858863830566
375,1.616194486618042
376,1.7783398628234863
377,1.5232555866241455
378,2.960455894470215
379,3.5904102325439453
380,0.07249578833580017
381,1.6203749179840088
382,1.9967596530914307
383,1.6028053760528564
384,2.2405223846435547
385,1.8760850429534912
386,1.543116569519043
387,1.4819566011428833
388,1.428785800933838
389,1.2977921962738037
390,3.3170971870422363
391,0.2061615288257599
392,1.9210364818572998
393,2.210146188735962
394,2.642545461654663
395,1.144561767578125
396,2.318087100982666
397,2.6702826023101807
398,2.3099076747894287
399,3.2254278659820557
400,2.3939208984375
401,2.3924925327301025
402,3.3616678714752197
403,3.131338119506836
404,1.4435343742370605
405,2.024433135986328
406,1.5617032051086426
407,0.6955195069313049
408,1.1460493803024292
409,0.6565309762954712
410,2.833693742752075
411,3.4700517654418945
412,1.727096438407898
413,1.2119336128234863
414,1.9906138181686401
415,3.0926990509033203
416,1.5048177242279053
417,1.722209095954895
418,3.30474853515625
419,3.380392074584961
420,3.132399797439575
421,2.0695576667785645
422,4.145744800567627
423,2.6653800010681152
424,2.973278760910034
425,3.620243549346924
426,3.399003028869629
427,2.3472790718078613
428,3.3306775093078613
429,3.475383996963501
430,2.0397424697875977
431,0.8420536518096924
432,1.317982792854309
433,1.7260963916778564
434,0.5636972188949585
435,1.2987143993377686
436,2.385775089263916
437,1.3015621900558472
438,3.802609443664551
439,2.340404510498047
440,1.5162601470947266
441,1.3028472661972046
442,1.5673640966415405
443,2.2180848121643066
444,1.6556119918823242
445,4.733292579650879
446,4.098417282104492
447,2.148505210876465
448,1.443787932395935
449,2.004711627960205
450,3.2204275131225586
