position,mutation_count
0,0
1,1
2,0
3,1
4,3
5,0
6,0
7,0
8,0
9,0
10,0
11,0
12,0
13,1
14,0
15,0
16,0
17,0
18,0
19,0
20,0
21,2
22,0
23,0
24,1
25,0
26,0
27,0
28,1
29,0
30,0
31,0
32,0
33,0
34,0
35,0
36,0
37,0
38,0
39,0
40,0
41,0
42,1
43,1
44,1
45,2
46,2
47,2
48,2
49,1
50,1
51,1
52,1
53,3
54,1
55,1
56,1
57,1
58,1
59,1
60,1
61,1
62,1
63,2
64,2
65,2
66,1
67,1
68,2
69,0
70,1
71,1
72,0
73,0
74,0
75,0
76,0
77,0
78,1
79,0
80,0
81,1
82,1
83,1
84,1
85,1
86,1
87,2
88,1
89,1
90,1
91,2
92,2
93,2
94,2
95,3
96,3
97,3
98,3
99,2
100,2
101,2
102,2
103,2
104,2
105,2
106,2
107,2
108,3
109,3
110,2
111,2
112,2
113,2
114,2
115,2
116,2
117,2
118,2
119,2
120,2
121,2
122,2
123,2
124,2
125,2
126,2
127,2
128,2
129,2
130,2
131,2
132,2
133,2
134,2
135,2
136,2
137,2
138,2
139,2
140,2
141,2
142,3
143,2
144,2
145,2
146,2
147,2
148,2
149,2
150,2
151,2
152,2
153,2
154,2
155,2
156,2
157,1
158,1
159,1
160,1
161,1
162,1
163,1
164,1
165,1
166,1
167,2
168,2
169,1
170,1
171,2
172,3
173,3
174,3
175,3
176,3
177,3
178,3
179,3
180,3
181,3
182,3
183,3
184,3
185,3
186,4
187,3
188,4
189,4
190,6
191,6
192,5
193,5
194,4
195,5
196,4
197,5
198,5
199,5
200,5
201,3
202,2
203,2
204,3
205,3
206,3
207,3
208,2
209,2
210,2
211,3
212,3
213,3
214,3
215,3
216,3
217,3
218,3
219,3
220,4
221,2
222,2
223,2
224,2
225,2
226,2
227,3
228,4
229,3
230,3
231,3
232,2
233,2
234,2
235,2
236,2
237,2
238,2
239,2
240,1
241,1
242,1
243,1
244,1
245,1
246,1
247,1
248,1
249,1
250,1
251,0
252,0
253,0
254,16
255,16
256,19
257,22
258,23
259,33
260,34
261,34
262,33
263,33
264,33
265,34
266,33
267,32
268,32
269,31
270,30
271,30
272,30
273,30
274,30
275,30
276,31
277,30
278,31
279,30
280,31
281,30
282,30
283,29
284,30
285,30
286,30
287,28
288,28
289,28
290,29
291,29
292,29
293,29
294,28
295,29
296,27
297,28
298,27
299,27
300,27
301,27
302,27
303,28
304,26
305,26
306,27
307,26
308,25
309,25
310,26
311,25
312,25
313,26
314,28
315,27
316,28
317,27
318,26
319,27
320,26
321,10
322,8
323,8
324,8
325,8
326,8
327,0
328,0
329,0
330,0
331,0
332,0
333,0
334,0
335,0
336,0
337,0
338,0
339,0
340,0
341,0
342,0
343,0
344,0
345,0
346,0
347,0
348,0
349,0
350,0
351,0
352,1
353,0
354,0
355,0
356,0
357,0
358,0
359,0
360,0
361,0
362,0
363,0
364,0
365,0
366,1
367,0
368,0
369,0
370,0
371,0
372,0
373,0
374,0
375,0
376,1
377,0
378,0
379,0
380,0
381,0
382,0
383,0
384,0
385,0
386,1
387,0
388,0
389,0
390,1
391,1
392,1
393,0
394,0
395,0
396,0
397,0
398,0
399,0
400,0
401,0
402,2
403,0
404,0
405,0
406,0
407,1
408,0
409,0
410,0
411,0
412,0
413,0
414,0
415,0
416,0
417,0
418,0
419,0
420,0
421,0
422,0
423,0
424,0
425,0
426,0
427,0
428,0
429,0
430,0
431,0
432,0
433,0
434,0
435,0
436,0
437,0
438,3
439,3
440,3
441,3
442,3
443,3
444,6
445,7
446,6
447,6
448,6
449,6
450,6
451,6
452,6
453,6
454,6
455,6
456,6
457,6
458,6
459,6
460,6
461,6
462,6
463,6
464,6
465,6
466,6
467,6
468,6
469,6
470,6
471,6
472,6
473,6
474,6
475,6
476,7
477,6
478,6
479,6
480,6
481,6
482,7
483,6
484,7
485,6
486,6
487,6
488,6
489,6
490,6
491,6
492,6
493,6
494,7
495,6
496,6
497,6
498,6
499,6
500,6
501,6
502,6
503,6
504,6
505,6
506,6
507,6
508,6
509,6
510,6
511,6
512,6
513,6
514,6
515,6
516,7
517,7
518,8
519,8
520,6
521,6
522,6
523,3
524,3
525,3
526,3
527,4
528,0
529,0
530,0
531,0
532,0
533,0
534,0
535,0
536,0
537,0
538,0
539,0
540,0
541,0
542,2
543,1
544,1
545,1
546,1
547,1
548,1
549,1
550,1
551,1
552,1
553,1
554,1
555,1
556,1
557,1
558,1
559,1
560,1
561,1
562,1
563,1
564,1
565,0
566,0
567,0
568,0
569,0
570,0
571,0
572,0
573,1
574,0
575,0
576,0
577,0
578,0
579,0
580,0
581,0
582,0
583,0
584,0
585,0
586,0
587,0
588,0
589,0
590,0
591,0
592,0
593,0
594,0
595,0
596,0
597,0
598,0
599,0
600,0
601,0
602,0
603,0
604,0
605,0
606,0
607,0
608,0
609,0
610,0
611,0
612,0
613,3
614,0
615,0
616,0
617,0
618,0
619,0
620,0
621,1
622,0
623,0
624,0
625,0
626,0
627,0
628,0
629,0
630,1
631,1
632,1
633,0
634,0
635,0
636,0
637,0
638,0
639,0
640,0
641,1
642,0
643,0
644,0
645,0
646,0
647,1
648,0
649,0
650,0
651,0
652,0
653,0
654,0
655,0
656,0
657,0
658,0
659,0
660,0
661,0
662,0
663,1
664,0
665,0
666,0
667,0
668,0
669,0
670,0
671,0
672,0
673,0
674,0
675,0
676,1
677,1
678,0
679,0
680,0
681,1
682,0
683,0
684,0
685,0
686,0
687,0
688,0
689,0
690,0
691,0
692,0
693,0
694,0
695,0
696,1
697,2
698,2
699,2
700,1
701,1
702,1
703,1
704,1
705,1
706,1
707,1
708,1
709,1
710,1
711,1
712,1
713,1
714,1
715,1
716,1
717,1
718,1
719,1
720,1
721,1
722,1
723,1
724,1
725,1
726,1
727,1
728,1
729,1
730,1
731,0
732,0
733,0
734,0
735,0
736,0
737,0
738,0
739,0
740,0
741,0
742,0
743,0
744,0
745,0
746,0
747,0
748,0
749,0
750,0
751,0
752,1
753,0
754,0
755,0
756,0
757,0
758,0
759,0
760,0
761,1
762,0
763,0
764,1
765,1
766,1
767,1
768,1
769,1
770,0
771,0
772,0
773,0
774,0
775,0
776,0
777,1
778,0
779,0
780,0
781,0
782,1
783,0
784,0
785,0
786,1
787,1
788,0
789,0
790,0
791,0
792,0
793,0
794,0
795,0
796,0
797,0
798,0
799,0
800,0
801,0
802,0
803,0
804,0
805,0
806,0
807,0
808,0
809,0
810,0
811,0
812,0
813,0
814,0
815,0
816,0
817,0
818,0
819,0
820,0
821,0
822,0
823,0
824,0
825,0
826,0
827,0
828,0
829,0
830,0
831,0
832,0
833,0
834,0
835,1
836,0
837,1
838,0
839,0
840,0
841,0
842,0
843,0
844,2
845,0
846,0
847,0
848,0
849,0
850,1
851,1
852,1
853,1
854,1
855,1
856,0
857,0
858,1
859,0
860,0
861,0
862,0
863,0
864,0
865,0
866,0
867,0
868,0
869,0
870,0
871,0
872,0
873,0
874,0
875,0
876,0
877,0
878,0
879,0
880,0
881,0
882,0
883,1
884,0
885,0
886,0
887,0
888,0
889,0
890,0
891,0
892,0
893,0
894,0
895,0
896,0
897,0
898,0
899,0
900,0
901,0
902,0
903,0
904,0
905,0
906,0
907,0
908,0
909,0
910,0
911,0
912,0
913,0
914,0
915,0
916,0
917,1
918,0
919,0
920,0
921,1
922,0
923,1
924,0
925,1
926,1
927,1
928,1
929,0
930,0
931,0
932,0
933,0
934,0
935,0
936,0
937,0
938,0
939,0
940,1
941,1
942,0
943,0
944,2
945,1
946,1
947,1
948,1
949,1
950,0
951,0
952,0
953,0
954,0
955,0
956,0
957,0
958,0
959,0
960,0
961,0
962,0
963,0
964,0
965,0
966,0
967,0
968,0
969,0
970,0
971,0
972,0
973,0
974,0
975,0
976,0
977,0
978,0
979,0
980,0
981,0
982,0
983,0
984,0
985,0
986,0
987,0
988,0
989,0
990,0
991,0
992,0
993,0
994,0
995,0
996,0
997,0
998,1
999,0
1000,0
1001,0
1002,0
1003,0
1004,0
1005,0
1006,0
1007,0
1008,0
1009,0
1010,1
1011,0
1012,0
1013,0
1014,0
1015,0
1016,0
1017,0
1018,0
1019,0
1020,0
1021,0
1022,0
1023,0
1024,0
1025,0
1026,0
1027,0
1028,0
1029,0
1030,0
1031,0
1032,0
1033,0
1034,0
1035,0
1036,0
1037,0
1038,0
1039,0
1040,0
1041,0
1042,0
1043,0
1044,0
1045,0
1046,0
1047,0
1048,0
1049,0
1050,0
1051,0
1052,0
1053,0
1054,0
1055,0
1056,0
1057,0
1058,0
1059,0
1060,0
1061,0
1062,0
1063,0
1064,0
1065,0
1066,0
1067,0
1068,0
1069,0
1070,0
1071,0
1072,0
1073,0
1074,0
1075,0
1076,0
1077,0
1078,0
1079,0
1080,0
1081,0
1082,0
1083,0
1084,1
1085,0
1086,0
1087,0
1088,0
1089,0
1090,1
1091,0
1092,0
1093,0
1094,0
1095,0
1096,0
1097,0
1098,0
1099,0
1100,0
1101,0
1102,0
1103,1
1104,0
1105,0
1106,0
1107,0
1108,0
1109,0
1110,0
1111,0
1112,0
1113,0
1114,0
1115,0
1116,1
1117,0
1118,0
1119,0
1120,0
1121,0
1122,0
1123,3
1124,0
1125,0
1126,0
1127,0
1128,0
1129,0
1130,0
1131,0
1132,0
1133,0
1134,0
1135,0
1136,0
1137,0
1138,0
1139,11
1140,0
1141,0
1142,0
1143,0
1144,0
1145,0
1146,0
1147,0
1148,0
1149,1
1150,1
1151,1
1152,1
1153,1
1154,0
1155,0
1156,0
1157,0
1158,0
1159,0
1160,0
1161,0
1162,1
1163,0
1164,1
1165,1
1166,1
1167,1
1168,1
1169,1
1170,1
1171,1
1172,0
1173,0
1174,0
1175,0
1176,0
1177,0
1178,0
1179,0
1180,0
1181,0
1182,1
1183,0
1184,0
1185,0
1186,0
1187,0
1188,0
1189,0
1190,1
1191,0
1192,0
1193,0
1194,0
1195,0
1196,0
1197,0
1198,0
1199,0
1200,0
1201,0
1202,1
1203,0
1204,1
1205,0
1206,0
1207,0
1208,0
1209,0
1210,0
1211,0
1212,0
1213,0
1214,0
1215,0
1216,0
1217,0
1218,0
1219,0
1220,0
1221,0
1222,0
1223,0
1224,0
1225,0
1226,0
1227,0
1228,0
1229,0
1230,0
1231,0
1232,0
1233,0
1234,0
1235,0
1236,0
1237,0
1238,0
1239,0
1240,0
1241,0
1242,0
1243,0
1244,0
1245,1
1246,0
1247,0
1248,0
1249,1
1250,0
1251,0
1252,0
1253,0
1254,0
1255,0
1256,0
1257,0
1258,0
1259,0
1260,0
1261,0
1262,1
1263,0
1264,0
1265,0
1266,0
1267,0
1268,0
1269,0
1270,0
1271,0
1272,0
