position,freq,entropy,layer_a_prime
1,0.0,0.0,0
2,0.0,0.0,0
3,0.0,0.0,0
4,0.0,0.0,0
5,0.002347,0.023887,0
6,0.002347,0.023887,0
7,0.0,0.0,0
8,0.0,0.0,0
9,0.0,0.0,0
10,0.002347,0.023887,0
11,0.002347,0.023887,0
12,0.0,0.0,0
13,0.0,0.0,0
14,0.0,0.0,0
15,0.004695,0.047765,0
16,0.00939,0.076719,0
17,0.0,0.0,0
18,0.0,0.0,0
19,0.274648,0.848055,0
20,0.0,0.0,0
21,0.007042,0.071636,0
22,0.143192,0.735704,0
23,0.0,0.0,0
24,0.002347,0.023887,0
25,0.014085,0.115947,0
26,0.06338,0.393007,0
27,0.002347,0.023887,0
28,0.0,0.0,0
29,0.0,0.0,0
30,0.004695,0.04307,0
31,0.0,0.0,0
32,0.0,0.0,0
33,0.0,0.0,0
34,0.0,0.0,0
35,0.058685,0.322204,0
36,0.004695,0.04307,0
37,0.037559,0.230985,0
38,0.004695,0.047765,0
39,0.002347,0.023887,0
40,0.0,0.0,0
41,0.422535,1.024524,0
42,0.0,0.0,0
43,0.004695,0.04307,0
44,0.0,0.0,0
45,0.0,0.0,0
46,0.0,0.0,0
47,0.0,0.0,0
48,0.0,0.0,0
49,0.002347,0.023887,0
50,0.004695,0.047765,0
51,0.093897,0.449345,0
52,0.002347,0.023887,0
53,0.122066,0.53527,0
54,0.0,0.0,0
55,0.0,0.0,0
56,0.0,0.0,0
57,0.0,0.0,0
58,0.0,0.0,0
59,0.0,0.0,0
60,0.0,0.0,0
61,0.0,0.0,0
62,0.0,0.0,0
63,0.0,0.0,0
64,0.0,0.0,0
65,0.0,0.0,0
66,0.007042,0.060474,0
67,0.0,0.0,0
68,0.0,0.0,0
69,0.0,0.0,0
70,0.004695,0.04307,0
71,0.0,0.0,0
72,0.0,0.0,0
73,0.002347,0.023887,0
74,0.0,0.0,0
75,0.0,0.0,0
76,0.0,0.0,0
77,0.0,0.0,0
78,0.0,0.0,0
79,0.002347,0.023887,0
80,0.0,0.0,0
81,0.0,0.0,0
82,0.0,0.0,0
83,0.0,0.0,0
84,0.0,0.0,0
85,0.0,0.0,0
86,0.014085,0.115947,0
87,0.002347,0.023887,0
88,0.053991,0.303113,0
89,0.2277,0.859361,0
90,0.462441,1.243143,0
91,0.413146,0.99901,0
92,0.0,0.0,0
93,0.0,0.0,0
94,0.0,0.0,0
95,0.0,0.0,0
96,0.0,0.0,0
97,0.0,0.0,0
98,0.0,0.0,0
99,0.0,0.0,0
100,0.007042,0.060474,0
101,0.0,0.0,0
102,0.258216,0.93906,0
103,0.0,0.0,0
104,0.237089,0.842368,0
105,0.0,0.0,0
106,0.0,0.0,0
107,0.0,0.0,0
108,0.0,0.0,0
109,0.065728,0.349774,0
110,0.0,0.0,0
111,0.051643,0.293337,0
112,0.084507,0.444023,0
113,0.065728,0.349774,0
114,0.0,0.0,0
115,0.002347,0.023887,0
116,0.0,0.0,0
117,0.0,0.0,0
118,0.0,0.0,0
119,0.0,0.0,0
120,0.0,0.0,0
121,0.049296,0.283398,0
122,0.0,0.0,0
123,0.0,0.0,0
124,0.0,0.0,0
125,0.002347,0.023887,0
126,0.0,0.0,0
127,0.0,0.0,0
128,0.0,0.0,0
129,0.002347,0.023887,0
130,0.0,0.0,0
131,0.0,0.0,0
132,0.0,0.0,0
133,0.0,0.0,0
134,0.0,0.0,0
135,0.0,0.0,0
136,0.0,0.0,0
137,0.002347,0.023887,0
138,0.002347,0.023887,0
139,0.0,0.0,0
140,0.077465,0.393183,0
141,0.0,0.0,0
142,0.002347,0.023887,0
143,0.0,0.0,0
144,0.0,0.0,0
145,0.0,0.0,0
146,0.0,0.0,0
147,0.0,0.0,0
148,0.0,0.0,0
149,0.0,0.0,0
150,0.0,0.0,0
151,0.0,0.0,0
152,0.002347,0.023887,0
153,0.0,0.0,0
154,0.004695,0.047765,0
155,0.014085,0.115947,0
156,0.002347,0.023887,0
157,0.002347,0.023887,0
158,0.0,0.0,0
159,0.084507,0.459302,0
160,0.002347,0.023887,0
161,0.007042,0.066941,0
162,0.0,0.0,0
163,0.007042,0.060474,0
164,0.0,0.0,0
165,0.0,0.0,0
166,0.0,0.0,0
167,0.0,0.0,0
168,0.0,0.0,0
169,0.0,0.0,0
170,0.004695,0.04307,0
171,0.0,0.0,0
172,0.002347,0.023887,0
173,0.002347,0.023887,0
174,0.0,0.0,0
175,0.053991,0.303113,0
176,0.002347,0.023887,0
177,0.0,0.0,0
178,0.0,0.0,0
179,0.0,0.0,0
180,0.002347,0.023887,0
181,0.086854,0.496383,0
182,0.0,0.0,0
183,0.0,0.0,0
184,0.0,0.0,0
185,0.0,0.0,0
186,0.0,0.0,0
187,0.0,0.0,0
188,0.0,0.0,0
189,0.0,0.0,0
190,0.002347,0.023887,0
191,0.0,0.0,0
192,0.0,0.0,0
193,0.002347,0.023887,0
194,0.0,0.0,0
195,0.0,0.0,0
196,0.00939,0.076719,0
197,0.0,0.0,0
198,0.0,0.0,0
199,0.0,0.0,0
200,0.0,0.0,0
201,0.0,0.0,0
202,0.0,0.0,0
203,0.0,0.0,0
204,0.0,0.0,0
205,0.0,0.0,0
206,0.0,0.0,0
207,0.0,0.0,0
208,0.0,0.0,0
209,0.0,0.0,0
210,0.091549,0.44162,0
211,0.0,0.0,0
212,0.0,0.0,0
213,0.483568,0.999221,0
214,0.0,0.0,0
215,0.0,0.0,0
216,0.0,0.0,0
217,0.0,0.0,0
218,0.0,0.0,0
219,0.002347,0.023887,0
220,0.0,0.0,0
221,0.0,0.0,0
222,0.0,0.0,0
223,0.049296,0.283398,0
224,0.018779,0.144739,0
225,0.096244,0.456975,0
226,0.0,0.0,0
227,0.112676,0.507935,0
228,0.0,0.0,0
229,0.056338,0.312733,0
230,0.035211,0.219888,0
231,0.0,0.0,0
232,0.0,0.0,0
233,0.0,0.0,0
234,0.0,0.0,0
235,0.0,0.0,0
236,0.0,0.0,0
237,0.0,0.0,0
238,0.0,0.0,0
239,0.0,0.0,0
240,0.0,0.0,0
241,0.0,0.0,0
242,0.0,0.0,0
243,0.0,0.0,0
244,0.0,0.0,0
245,0.0,0.0,0
246,0.0,0.0,0
247,0.0,0.0,0
248,0.06338,0.384534,0
249,0.0,0.0,0
250,0.0,0.0,0
251,0.0,0.0,0
252,0.0,0.0,0
253,0.0,0.0,0
254,0.0,0.0,0
255,0.0,0.0,0
256,0.0,0.0,0
257,0.0,0.0,0
258,0.0,0.0,0
259,0.0,0.0,0
260,0.0,0.0,0
261,0.004695,0.04307,0
262,0.0,0.0,0
263,0.0,0.0,0
264,0.0,0.0,0
265,0.0,0.0,0
266,0.0,0.0,0
267,0.0,0.0,0
268,0.004695,0.04307,0
269,0.0,0.0,0
270,0.002347,0.023887,0
271,0.0,0.0,0
272,0.0,0.0,0
273,0.0,0.0,0
274,0.002347,0.023887,0
275,0.0,0.0,0
276,0.0,0.0,0
277,0.004695,0.047765,0
278,0.0,0.0,0
279,0.0,0.0,0
280,0.007042,0.066941,0
281,0.014085,0.115947,0
282,0.0,0.0,0
283,0.230047,0.778093,0
284,0.002347,0.023887,0
285,0.002347,0.023887,0
286,0.0,0.0,0
287,0.0,0.0,0
288,0.516432,1.482242,0
289,0.0,0.0,0
290,0.002347,0.023887,0
291,0.0,0.0,0
292,0.0,0.0,0
293,0.0,0.0,0
294,0.0,0.0,0
295,0.0,0.0,0
296,0.0,0.0,0
297,0.0,0.0,0
298,0.0,0.0,0
299,0.0,0.0,0
300,0.004695,0.047765,0
301,0.004695,0.04307,0
302,0.0,0.0,0
303,0.0,0.0,0
304,0.0,0.0,0
305,0.476526,0.998409,0
306,0.0,0.0,0
307,0.478873,1.298846,0
308,0.0,0.0,0
309,0.298122,1.167962,0
310,0.314554,1.1354,0
311,0.607981,1.571654,0
312,0.293427,0.892832,0
313,0.002347,0.023887,0
314,0.307512,1.380511,0
315,0.0,0.0,0
316,0.237089,0.809166,0
317,0.0,0.0,0
318,0.06338,0.34072,0
319,0.0,0.0,0
320,0.0,0.0,0
321,0.049296,0.283398,0
322,0.0,0.0,0
323,0.133803,0.584825,0
324,0.049296,0.283398,0
325,0.267606,0.838008,0
326,0.0,0.0,0
327,0.0,0.0,0
328,0.0,0.0,0
329,0.0,0.0,0
330,0.004695,0.047765,0
331,0.0,0.0,0
332,0.0,0.0,0
333,0.0,0.0,0
334,0.0,0.0,0
335,0.0,0.0,0
336,0.0,0.0,0
337,0.0,0.0,0
338,0.0,0.0,0
339,0.0,0.0,0
340,0.0,0.0,0
341,0.0,0.0,0
342,0.018779,0.134531,0
343,0.0,0.0,0
344,0.0,0.0,0
345,0.0,0.0,0
346,0.0,0.0,0
347,0.0,0.0,0
348,0.0,0.0,0
349,0.36385,1.237269,0
350,0.07277,0.376177,0
351,0.0,0.0,0
352,0.056338,0.326811,0
353,0.307512,1.341532,0
354,0.068182,0.376139,0
355,0.098592,0.480519,0
356,0.079812,0.416796,0
357,0.232394,0.98492,0
358,0.584507,1.812557,0
359,0.0,0.0,0
360,0.0,0.0,0
361,0.0,0.0,0
362,0.0,0.0,0
363,0.0,0.0,0
364,0.0,0.0,0
365,0.387324,0.963051,0
366,0.002347,0.023887,0
367,0.0,0.0,0
368,0.0,0.0,0
369,0.0,0.0,0
370,0.0,0.0,0
371,0.0,0.0,0
372,0.0,0.0,0
373,0.0,0.0,0
374,0.0,0.0,0
375,0.002347,0.023887,0
376,0.0,0.0,0
377,0.41784,0.980434,0
378,0.0,0.0,0
379,0.0,0.0,0
380,0.0,0.0,0
381,0.0,0.0,0
382,0.0,0.0,0
383,0.0,0.0,0
384,0.0,0.0,0
385,0.002347,0.023887,0
386,0.0,0.0,0
387,0.0,0.0,0
388,0.0,0.0,0
389,0.0,0.0,0
390,0.0,0.0,0
391,0.507042,1.329446,0
392,0.0,0.0,0
393,0.002347,0.023887,0
394,0.002347,0.023887,0
395,0.0,0.0,0
396,0.0,0.0,0
397,0.002347,0.023887,0
398,0.0,0.0,0
399,0.0,0.0,0
400,0.0,0.0,0
401,0.075117,0.384737,0
402,0.0,0.0,0
403,0.0,0.0,0
404,0.053991,0.317043,0
405,0.140845,0.586448,0
406,0.342723,1.187412,0
407,0.535211,1.643428,0
408,0.091549,0.44162,0
409,0.051643,0.293337,0
410,0.075117,0.384737,0
411,0.089202,0.4338,0
412,0.002347,0.023887,0
413,0.0,0.0,0
414,0.002347,0.023887,0
415,0.002347,0.023887,0
416,0.0,0.0,0
417,0.0,0.0,1
418,0.0,0.0,1
419,0.0,0.0,1
420,0.0,0.0,1
421,0.002347,0.023887,1
422,0.0,0.0,1
423,0.0,0.0,1
424,0.065728,0.349774,1
425,0.0,0.0,1
426,0.0,0.0,1
427,0.0,0.0,1
428,0.002347,0.023887,1
429,0.0,0.0,1
430,0.053991,0.303113,1
431,0.0,0.0,1
432,0.002347,0.023887,1
433,0.0,0.0,1
434,0.0,0.0,1
435,0.0,0.0,1
436,0.0,0.0,1
437,0.0,0.0,1
438,0.0,0.0,1
439,0.011737,0.092101,1
440,0.0,0.0,1
441,0.0,0.0,1
442,0.0,0.0,1
443,0.0,0.0,1
444,0.049296,0.283398,1
445,0.0,0.0,1
446,0.0,0.0,1
447,0.0,0.0,1
448,0.0,0.0,1
449,0.0,0.0,1
450,0.0,0.0,1
451,0.0,0.0,1
452,0.0,0.0,1
453,0.00939,0.076719,1
454,0.0,0.0,1
455,0.011737,0.092101,1
456,0.0,0.0,1
457,0.0,0.0,1
458,0.0,0.0,1
459,0.0,0.0,1
460,0.0,0.0,1
461,0.0,0.0,1
462,0.051643,0.293337,1
463,0.0,0.0,1
464,0.0,0.0,1
465,0.016432,0.120908,1
466,0.0,0.0,1
467,0.0,0.0,1
468,0.0,0.0,1
469,0.0,0.0,1
470,0.0,0.0,1
471,0.0,0.0,1
472,0.0,0.0,1
473,0.0,0.0,1
474,0.0,0.0,1
475,0.0,0.0,1
476,0.007042,0.060474,1
477,0.0,0.0,1
478,0.0,0.0,1
479,0.0,0.0,1
480,0.0,0.0,1
481,0.0,0.0,1
482,0.0,0.0,1
483,0.0,0.0,1
484,0.0,0.0,1
485,0.0,0.0,1
486,0.0,0.0,1
487,0.0,0.0,1
488,0.049296,0.283398,1
489,0.0,0.0,1
490,0.0,0.0,1
491,0.0,0.0,1
492,0.0,0.0,1
493,0.0,0.0,1
494,0.0,0.0,1
495,0.0,0.0,1
496,0.0,0.0,1
497,0.0,0.0,1
498,0.0,0.0,1
499,0.0,0.0,1
500,0.0,0.0,1
501,0.0,0.0,1
502,0.0,0.0,1
503,0.0,0.0,1
504,0.0,0.0,1
505,0.0,0.0,1
506,0.0,0.0,1
507,0.0,0.0,1
508,0.0,0.0,1
509,0.0,0.0,1
510,0.002347,0.023887,1
511,0.0,0.0,1
512,0.0,0.0,1
513,0.0,0.0,1
514,0.002347,0.023887,1
515,0.0,0.0,1
516,0.0,0.0,1
517,0.0,0.0,1
518,0.0,0.0,1
519,0.002347,0.023887,1
520,0.002347,0.023887,1
521,0.0,0.0,1
522,0.0,0.0,1
523,0.0,0.0,1
524,0.0,0.0,1
525,0.0,0.0,1
526,0.0,0.0,1
527,0.0,0.0,1
528,0.0,0.0,1
529,0.0,0.0,1
530,0.065728,0.349774,1
531,0.0,0.0,1
532,0.002347,0.023887,1
533,0.0,0.0,1
534,0.0,0.0,1
535,0.0,0.0,1
536,0.0,0.0,1
537,0.0,0.0,1
538,0.0,0.0,1
539,0.0,0.0,1
540,0.0,0.0,1
541,0.0,0.0,1
542,0.0,0.0,1
543,0.0,0.0,1
544,0.0,0.0,1
545,0.002347,0.023887,1
546,0.0,0.0,1
547,0.0,0.0,1
548,0.0,0.0,0
549,0.0,0.0,0
550,0.0,0.0,0
551,0.0,0.0,0
552,0.002347,0.023887,0
553,0.0,0.0,0
554,0.0,0.0,0
555,0.0,0.0,0
556,0.0,0.0,0
557,0.0,0.0,0
558,0.004695,0.047765,0
559,0.0,0.0,0
560,0.002347,0.023887,0
561,0.0,0.0,0
562,0.016432,0.120908,0
563,0.0,0.0,0
564,0.004695,0.047765,0
565,0.0,0.0,0
566,0.0,0.0,0
567,0.0,0.0,0
568,0.0,0.0,0
569,0.0,0.0,0
570,0.002347,0.023887,0
571,0.0,0.0,0
572,0.0,0.0,0
573,0.002347,0.023887,0
574,0.007042,0.060474,0
575,0.0,0.0,0
576,0.0,0.0,0
577,0.002347,0.023887,0
578,0.002347,0.023887,0
579,0.0,0.0,0
580,0.0,0.0,0
581,0.0,0.0,0
582,0.0,0.0,0
583,0.0,0.0,0
584,0.0,0.0,0
585,0.0,0.0,0
586,0.002347,0.023887,0
587,0.0,0.0,0
588,0.0,0.0,0
589,0.0,0.0,0
590,0.002347,0.023887,0
591,0.0,0.0,0
592,0.0,0.0,0
593,0.0,0.0,0
594,0.0,0.0,0
595,0.0,0.0,0
596,0.0,0.0,0
597,0.0,0.0,0
598,0.0,0.0,0
599,0.0,0.0,0
600,0.0,0.0,0
601,0.002347,0.023887,0
602,0.011737,0.103497,0
603,0.0,0.0,0
604,0.002347,0.023887,0
605,0.002347,0.023887,0
606,0.0,0.0,0
607,0.0,0.0,0
608,0.0,0.0,0
609,0.002347,0.023887,0
610,0.0,0.0,0
611,0.0,0.0,0
612,0.0,0.0,0
613,0.0,0.0,0
614,0.0,0.0,0
615,0.0,0.0,0
616,0.0,0.0,0
617,0.0,0.0,0
618,0.0,0.0,0
619,0.0,0.0,0
620,0.002347,0.023887,0
621,0.0,0.0,0
622,0.0,0.0,0
623,0.0,0.0,0
624,0.0,0.0,0
625,0.0,0.0,0
626,0.0,0.0,0
627,0.002347,0.023887,0
628,0.0,0.0,0
629,0.0,0.0,0
630,0.0,0.0,0
631,0.0,0.0,0
632,0.0,0.0,0
633,0.0,0.0,0
634,0.0,0.0,0
635,0.002347,0.023887,0
636,0.0,0.0,0
637,0.0,0.0,0
638,0.0,0.0,0
639,0.002347,0.023887,0
640,0.0,0.0,0
641,0.002347,0.023887,0
642,0.049296,0.283398,0
643,0.0,0.0,0
644,0.002347,0.023887,0
645,0.0,0.0,0
646,0.0,0.0,0
647,0.0,0.0,0
648,0.0,0.0,0
649,0.002347,0.023887,0
650,0.002347,0.023887,0
651,0.0,0.0,0
652,0.0,0.0,0
653,0.0,0.0,0
654,0.0,0.0,0
655,0.0,0.0,0
656,0.002347,0.023887,0
657,0.002347,0.023887,0
658,0.0,0.0,0
659,0.0,0.0,0
660,0.0,0.0,0
661,0.0,0.0,0
662,0.0,0.0,0
663,0.0,0.0,0
664,0.0,0.0,0
665,0.0,0.0,0
666,0.002347,0.023887,0
667,0.0,0.0,0
668,0.0,0.0,0
669,0.007042,0.060474,0
670,0.0,0.0,0
671,0.0,0.0,0
672,0.0,0.0,0
673,0.0,0.0,0
674,0.0,0.0,0
675,0.0,0.0,0
676,0.011737,0.100574,0
677,0.0,0.0,0
678,0.0,0.0,0
679,0.0,0.0,0
680,0.0,0.0,0
681,0.077465,0.393183,0
682,0.0,0.0,0
683,0.0,0.0,0
684,0.0,0.0,0
685,0.0,0.0,0
686,0.0,0.0,0
687,0.0,0.0,0
688,0.002347,0.023887,0
689,0.0,0.0,0
690,0.0,0.0,0
691,0.0,0.0,0
692,0.0,0.0,0
693,0.0,0.0,0
694,0.0,0.0,0
695,0.0,0.0,0
696,0.0,0.0,0
697,0.0,0.0,0
698,0.002347,0.023887,0
699,0.0,0.0,0
700,0.039906,0.254741,0
701,0.0,0.0,0
702,0.0,0.0,0
703,0.0,0.0,0
704,0.0,0.0,0
705,0.002347,0.023887,0
706,0.0,0.0,0
707,0.0,0.0,0
708,0.0,0.0,0
709,0.0,0.0,0
710,0.002347,0.023887,0
711,0.0,0.0,0
712,0.0,0.0,0
713,0.0,0.0,0
714,0.039906,0.254741,0
715,0.0,0.0,0
716,0.0,0.0,0
717,0.002347,0.023887,0
718,0.0,0.0,0
719,0.0,0.0,0
720,0.0,0.0,0
721,0.0,0.0,0
722,0.0,0.0,0
723,0.0,0.0,0
724,0.0,0.0,0
725,0.0,0.0,0
726,0.0,0.0,0
727,0.0,0.0,0
728,0.0,0.0,0
729,0.0,0.0,0
730,0.0,0.0,0
731,0.0,0.0,0
732,0.0,0.0,0
733,0.0,0.0,0
734,0.0,0.0,0
735,0.0,0.0,0
736,0.0,0.0,0
737,0.0,0.0,0
738,0.0,0.0,0
739,0.399061,0.970399,0
740,0.011737,0.092101,0
741,0.0,0.0,0
742,0.0,0.0,0
743,0.0,0.0,0
744,0.0,0.0,0
745,0.0,0.0,0
746,0.0,0.0,0
747,0.0,0.0,0
748,0.0,0.0,0
749,0.0,0.0,0
750,0.0,0.0,0
751,0.0,0.0,0
752,0.0,0.0,0
753,0.0,0.0,1
754,0.0,0.0,1
755,0.0,0.0,1
756,0.002347,0.023887,1
757,0.0,0.0,1
758,0.0,0.0,1
759,0.0,0.0,1
760,0.0,0.0,1
761,0.0,0.0,1
762,0.002347,0.023887,1
763,0.0,0.0,1
764,0.0,0.0,1
765,0.044601,0.263003,1
766,0.002347,0.023887,1
767,0.0,0.0,1
768,0.0,0.0,1
769,0.0,0.0,1
770,0.002347,0.023887,1
771,0.0,0.0,1
772,0.0,0.0,1
773,0.002347,0.023887,1
774,0.0,0.0,0
775,0.065728,0.349774,0
776,0.0,0.0,0
777,0.0,0.0,0
778,0.0,0.0,0
779,0.0,0.0,0
780,0.002347,0.023887,0
781,0.0,0.0,0
782,0.0,0.0,0
783,0.0,0.0,0
784,0.0,0.0,0
785,0.002347,0.023887,0
786,0.0,0.0,0
787,0.0,0.0,0
788,0.0,0.0,0
789,0.0,0.0,0
790,0.0,0.0,0
791,0.002347,0.023887,0
792,0.41784,0.980434,0
793,0.0,0.0,0
794,0.0,0.0,0
795,0.0,0.0,0
796,0.0,0.0,0
797,0.0,0.0,0
798,0.0,0.0,0
799,0.0,0.0,0
800,0.0,0.0,0
801,0.0,0.0,0
802,0.0,0.0,0
803,0.004695,0.047765,0
804,0.0,0.0,0
805,0.0,0.0,0
806,0.0,0.0,0
807,0.0,0.0,0
808,0.0,0.0,0
809,0.0,0.0,0
810,0.0,0.0,0
811,0.002347,0.023887,0
812,0.0,0.0,0
813,0.0,0.0,0
814,0.002347,0.023887,0
815,0.002347,0.023887,0
816,0.0,0.0,0
817,0.002347,0.023887,0
818,0.00939,0.076719,0
819,0.0,0.0,0
820,0.0,0.0,0
821,0.002347,0.023887,0
822,0.0,0.0,0
823,0.007042,0.060474,0
824,0.0,0.0,0
825,0.0,0.0,0
826,0.0,0.0,0
827,0.004695,0.04307,0
828,0.0,0.0,0
829,0.0,0.0,0
830,0.0,0.0,0
831,0.0,0.0,0
832,0.0,0.0,0
833,0.0,0.0,0
834,0.002347,0.023887,0
835,0.002347,0.023887,0
836,0.0,0.0,0
837,0.0,0.0,0
838,0.0,0.0,0
839,0.0,0.0,0
840,0.0,0.0,0
841,0.0,0.0,0
842,0.0,0.0,0
843,0.021127,0.158353,0
844,0.0,0.0,0
845,0.131455,0.561416,0
846,0.004695,0.04307,0
847,0.0,0.0,0
848,0.002347,0.023887,0
849,0.004695,0.04307,0
850,0.0,0.0,0
851,0.0,0.0,0
852,0.0,0.0,0
853,0.004695,0.04307,0
854,0.0,0.0,0
855,0.0,0.0,0
856,0.0,0.0,0
857,0.0,0.0,0
858,0.0,0.0,0
859,0.0,0.0,0
860,0.0,0.0,0
861,0.0,0.0,0
862,0.0,0.0,0
863,0.0,0.0,0
864,0.0,0.0,0
865,0.0,0.0,0
866,0.0,0.0,0
867,0.0,0.0,0
868,0.0,0.0,0
869,0.0,0.0,0
870,0.0,0.0,0
871,0.053991,0.303113,0
872,0.0,0.0,0
873,0.0,0.0,0
874,0.0,0.0,0
875,0.0,0.0,0
876,0.0,0.0,0
877,0.002347,0.023887,0
878,0.0,0.0,0
879,0.004695,0.04307,0
880,0.004695,0.047765,0
881,0.0,0.0,0
882,0.0,0.0,0
883,0.002347,0.023887,0
884,0.0,0.0,0
885,0.0,0.0,0
886,0.021127,0.147721,0
887,0.0,0.0,0
888,0.002347,0.023887,0
889,0.0,0.0,0
890,0.0,0.0,0
891,0.002347,0.023887,0
892,0.0,0.0,0
893,0.0,0.0,0
894,0.002347,0.023887,0
895,0.002347,0.023887,0
896,0.0,0.0,0
897,0.0,0.0,0
898,0.0,0.0,0
899,0.0,0.0,0
900,0.00939,0.076719,0
901,0.0,0.0,0
902,0.0,0.0,0
903,0.0,0.0,0
904,0.0,0.0,0
905,0.0,0.0,0
906,0.0,0.0,0
907,0.0,0.0,0
908,0.002347,0.023887,0
909,0.0,0.0,0
910,0.0,0.0,0
911,0.0,0.0,0
912,0.0,0.0,0
913,0.0,0.0,0
914,0.0,0.0,0
915,0.0,0.0,0
916,0.0,0.0,0
917,0.0,0.0,0
918,0.002347,0.023887,0
919,0.002347,0.023887,0
920,0.0,0.0,0
921,0.0,0.0,0
922,0.0,0.0,0
923,0.007042,0.066941,0
924,0.0,0.0,0
925,0.0,0.0,0
926,0.0,0.0,0
927,0.0,0.0,0
928,0.002347,0.023887,0
929,0.0,0.0,0
930,0.0,0.0,0
931,0.0,0.0,0
932,0.0,0.0,0
933,0.0,0.0,0
934,0.0,0.0,0
935,0.0,0.0,0
936,0.0,0.0,0
937,0.061033,0.331531,0
938,0.0,0.0,0
939,0.0,0.0,0
940,0.004695,0.04307,0
941,0.0,0.0,0
942,0.0,0.0,0
943,0.004695,0.047765,0
944,0.0,0.0,0
945,0.0,0.0,0
946,0.0,0.0,0
947,0.0,0.0,0
948,0.016432,0.120908,0
949,0.0,0.0,0
950,0.0,0.0,0
951,0.0,0.0,0
952,0.0,0.0,0
953,0.0,0.0,0
954,0.0,0.0,0
955,0.0,0.0,0
956,0.0,0.0,0
957,0.0,0.0,0
958,0.0,0.0,0
959,0.0,0.0,0
960,0.0,0.0,0
961,0.0,0.0,0
962,0.0,0.0,0
963,0.0,0.0,0
964,0.0,0.0,0
965,0.0,0.0,0
966,0.0,0.0,0
967,0.0,0.0,0
968,0.0,0.0,0
969,0.0,0.0,0
970,0.002347,0.023887,0
971,0.403756,1.508733,0
972,0.0,0.0,0
973,0.0,0.0,0
974,0.0,0.0,0
975,0.0,0.0,0
976,0.0,0.0,0
977,0.0,0.0,0
978,0.0,0.0,0
979,0.0,0.0,0
980,0.002347,0.023887,0
981,0.0,0.0,0
982,0.0,0.0,0
983,0.0,0.0,0
984,0.0,0.0,0
985,0.0,0.0,0
986,0.0,0.0,0
987,0.0,0.0,0
988,0.004695,0.04307,0
989,0.0,0.0,0
990,0.0,0.0,0
991,0.0,0.0,0
992,0.0,0.0,0
993,0.0,0.0,0
994,0.0,0.0,0
995,0.0,0.0,0
996,0.002347,0.023887,0
997,0.0,0.0,0
998,0.0,0.0,0
999,0.0,0.0,0
1000,0.0,0.0,0
1001,0.0,0.0,0
1002,0.007042,0.060474,0
1003,0.0,0.0,0
1004,0.0,0.0,0
1005,0.075117,0.384737,0
1006,0.0,0.0,0
1007,0.0,0.0,0
1008,0.0,0.0,0
1009,0.0,0.0,0
1010,0.0,0.0,0
1011,0.0,0.0,0
1012,0.0,0.0,0
1013,0.0,0.0,0
1014,0.0,0.0,0
1015,0.0,0.0,0
1016,0.0,0.0,0
1017,0.0,0.0,0
1018,0.0,0.0,0
1019,0.002347,0.023887,0
1020,0.0,0.0,0
1021,0.0,0.0,0
1022,0.0,0.0,0
1023,0.0,0.0,0
1024,0.0,0.0,0
1025,0.0,0.0,0
1026,0.0,0.0,0
1027,0.004695,0.04307,0
1028,0.0,0.0,0
1029,0.0,0.0,0
1030,0.0,0.0,0
1031,0.0,0.0,0
1032,0.0,0.0,0
1033,0.0,0.0,0
1034,0.0,0.0,0
1035,0.0,0.0,0
1036,0.0,0.0,0
1037,0.0,0.0,0
1038,0.002347,0.023887,0
1039,0.0,0.0,0
1040,0.0,0.0,0
1041,0.0,0.0,0
1042,0.0,0.0,0
1043,0.0,0.0,0
1044,0.002347,0.023887,0
1045,0.002347,0.023887,0
1046,0.0,0.0,0
1047,0.0,0.0,0
1048,0.0,0.0,0
1049,0.0,0.0,0
1050,0.0,0.0,0
1051,0.0,0.0,0
1052,0.002347,0.023887,0
1053,0.0,0.0,0
1054,0.0,0.0,0
1055,0.0,0.0,0
1056,0.002347,0.023887,0
1057,0.002347,0.023887,0
1058,0.002347,0.023887,0
1059,0.0,0.0,0
1060,0.0,0.0,0
1061,0.0,0.0,0
1062,0.0,0.0,0
1063,0.002347,0.023887,0
1064,0.0,0.0,0
1065,0.0,0.0,0
1066,0.002347,0.023887,0
1067,0.0,0.0,0
1068,0.0,0.0,0
1069,0.0,0.0,0
1070,0.0,0.0,0
1071,0.0,0.0,0
1072,0.002347,0.023887,0
1073,0.002347,0.023887,0
1074,0.0,0.0,0
1075,0.0,0.0,0
1076,0.0,0.0,0
1077,0.0,0.0,0
1078,0.0,0.0,0
1079,0.002347,0.023887,0
1080,0.0,0.0,0
1081,0.0,0.0,0
1082,0.0,0.0,0
1083,0.0,0.0,0
1084,0.0,0.0,0
1085,0.0,0.0,0
1086,0.0,0.0,0
1087,0.004695,0.04307,0
1088,0.0,0.0,0
1089,0.0,0.0,0
1090,0.002347,0.023887,0
1091,0.0,0.0,0
1092,0.0,0.0,0
1093,0.0,0.0,0
1094,0.0,0.0,0
1095,0.0,0.0,0
1096,0.0,0.0,0
1097,0.0,0.0,0
1098,0.0,0.0,0
1099,0.0,0.0,0
1100,0.0,0.0,0
1101,0.0,0.0,0
1102,0.0,0.0,0
1103,0.00939,0.084337,0
1104,0.002347,0.023887,0
1105,0.0,0.0,0
1106,0.0,0.0,0
1107,0.002347,0.023887,0
1108,0.0,0.0,0
1109,0.0,0.0,0
1110,0.0,0.0,0
1111,0.0,0.0,0
1112,0.002347,0.023887,0
1113,0.0,0.0,0
1114,0.0,0.0,0
1115,0.0,0.0,0
1116,0.0,0.0,0
1117,0.0,0.0,0
1118,0.0,0.0,0
1119,0.0,0.0,0
1120,0.0,0.0,0
1121,0.0,0.0,0
1122,0.0,0.0,0
1123,0.0,0.0,0
1124,0.0,0.0,0
1125,0.0,0.0,0
1126,0.0,0.0,0
1127,0.0,0.0,0
1128,0.0,0.0,0
1129,0.0,0.0,0
1130,0.0,0.0,0
1131,0.0,0.0,0
1132,0.002347,0.023887,0
1133,0.002347,0.023887,0
1134,0.0,0.0,0
1135,0.0,0.0,0
1136,0.0,0.0,0
1137,0.0,0.0,0
1138,0.0,0.0,0
1139,0.0,0.0,0
1140,0.0,0.0,0
1141,0.0,0.0,0
1142,0.0,0.0,0
1143,0.0,0.0,0
1144,0.0,0.0,0
1145,0.002347,0.023887,0
1146,0.0,0.0,0
1147,0.0,0.0,0
1148,0.0,0.0,0
1149,0.002347,0.023887,0
1150,0.0,0.0,0
1151,0.0,0.0,0
1152,0.0,0.0,0
1153,0.002347,0.023887,0
1154,0.126761,0.548487,0
1155,0.0,0.0,0
1156,0.0,0.0,0
1157,0.0,0.0,0
1158,0.0,0.0,0
1159,0.0,0.0,0
1160,0.0,0.0,0
1161,0.0,0.0,0
1162,0.0,0.0,0
1163,0.0,0.0,0
1164,0.0,0.0,0
1165,0.0,0.0,0
1166,0.002347,0.023887,0
1167,0.0,0.0,0
1168,0.0,0.0,0
1169,0.0,0.0,1
1170,0.0,0.0,1
1171,0.002347,0.023887,1
1172,0.0,0.0,1
1173,0.0,0.0,1
